"","std_spelling","Term","gen_sg","Term2","Vocab_nom_sg","gender","Source","HISCO_majorgroup","HISCO_minorgroup","Harris_Category","Subcategory","Translation_eng","Term_full"
"1","abetarius","abetarius","i",NA,NA,"male","Petrikovits 1981a",8,81,"Building","Wood worker","a joiner, wood worker","abetarius"
"2","abetarius","abietarius","i",NA,NA,"male","Petrikovits 1981a",8,81,"Building","Wood worker","a joiner, wood worker","abietarius"
"3","acceptor","acceptor","oris",NA,"acceptor","male","Waltzing - Rome",3,31,"Finance",NA,"collector, gold quality checker","acceptor"
"4","acceptor","aceptor","oris",NA,NA,"male","Petrikovits 1981a",3,31,"Finance",NA,"collector, gold quality checker","aceptor"
"5","acuarius","acuarius","i",NA,NA,"male","Petrikovits 1981a",8,83,"Metal-Working",NA,"manufacturer or seller of needles","acuarius"
"6","acuarius","acuclarius","i",NA,NA,"male","Petrikovits 1981a",8,83,"Metal-Working",NA,"manufacturer or seller of needles","acuclarius"
"7","acucularius","acucularius","i",NA,NA,"male","Petrikovits 1981b",8,83,"Metal-Working",NA,"manufacturer or seller of a small pin for a head-dress","acucularius"
"8","aedifex","aedifex","icis",NA,NA,"male","Petrikovits 1981a",0,2,"Building",NA,"builder","aedifex"
"9","aedifex","aedificator","oris",NA,NA,"male","Petrikovits 1981a",0,2,"Building",NA,"builder, architect","aedificator"
"10","aeneator","aeneator","oris",NA,"aeneator","male","Waltzing - Rome",1,17,"Performing Arts",NA,"musician, one who blows a horn in war
","aeneator"
"11","aequator monetae","aequator monetae","oris",NA,"aequator","male","Petrikovits 1981a",3,31,"Finance",NA,"one who, in the coining of money, examines the equality of its weight, an assizer","aequator monetae"
"12","aerarius","aerarius","i",NA,"aerarius","male","Waltzing - Rome",8,83,"Metal-Working",NA,"metal worker","aerarius"
"13","agricola","agricola","ae",NA,"agricola","male","Petra's addition",6,62,"Food-Production",NA,"a husbandman, agriculturist, ploughman, farmer, peasant","agricola"
"14","agrimensor","agrimensor","oris",NA,NA,"male","Petrikovits 1981a",0,2,"Miscellaneous Services",NA,"a landsurveyor","agrimensor"
"15","agrimensor","agrimesor","oris",NA,NA,"male","Petrikovits 1981a",0,2,"Miscellaneous Services",NA,"a landsurveyor","agrimesor"
"16","albarius","albarius","i",NA,NA,"male","Petrikovits 1981a",9,95,"Building",NA,"worker in stucco, a plasterer","albarius"
"17","aluminarius","aluminarius","i",NA,NA,"male","Petrikovits 1981a",7,71,"Fuel / Raw material",NA,"worker or seller or alum (mineral)","aluminarius"
"18","ampullarius","ampullarius","i",NA,NA,"male","Petrikovits 1981a",8,89,"Household Goods",NA,"manufacturer of ampullae (small vessels from glass and leather)","ampullarius"
"19","anabolicarius","anabolicarius","i",NA,"anabolicarius","male","Waltzing - Rome",9,98,"Transport","Maritime/water transport","one day sailor","anabolicarius"
"20","anaglyptarius","anaglitarius","i",NA,NA,"male","Petrikovits 1981b",1,16,"Plastic Arts",NA,"relief maker, carver","anaglitarius"
"21","anaglyptarius","anaglypharius","i",NA,NA,"male","Petrikovits 1981b",1,16,"Plastic Arts",NA,"relief maker, carver","anaglypharius"
"22","anaglyptarius","anaglyptarius","i",NA,NA,"male","Petrikovits 1981a",1,16,"Plastic Arts",NA,"relief maker, carver","anaglyptarius"
"23","anellarius","anellarius","i",NA,NA,"male","Petrikovits 1981b",8,88,"Metal-Working",NA,"ring maker","anellarius"
"24","anellarius","annellarius","i",NA,NA,"male","Petrikovits 1981a",8,88,"Metal-Working",NA,"ring maker","annellarius"
"25","anellarius","anularius","i",NA,"anularius","male","Waltzing - Rome",8,88,"Metal-Working",NA,"maker of rings","anularius"
"26","annonarius","annonarius","i",NA,"annonarius","male","Waltzing - provinces",3,30,"Managerial",NA,"of or pertaining to provisions","annonarius"
"27","apparator","apparator","oris",NA,"apparator","male","Waltzing - Rome",9,99,"Miscellaneous Services",NA,"one that prepares","apparator"
"28","aquarius","aquarius","i",NA,"aquarius","male","Waltzing - provinces",9,95,"Water-Management",NA,"fountain worker, of water, watery, water carrier","aquarius"
"29","archimagirus","archimagirus","i",NA,NA,"male","Petrikovits 1981a",5,53,"Food-Production",NA,"chef","archimagirus"
"30","architectus","architecton","nis",NA,NA,"male","Petrikovits 1981a",0,2,"Building",NA,"a masterbuilder, architect","architecton"
"31","architectus","architectus","i",NA,NA,"male","Petrikovits 1981a",0,2,"Building",NA,"a master-builder, architect","architectus"
"32","arcuarius","arcarius","i",NA,NA,"male","Petrikovits 1981a",3,31,"Finance",NA,"treasurer, a controller of public revenues","arcarius"
"33","arcuarius","arcuarius","i",NA,NA,"male","Petrikovits 1981a",3,31,"Finance",NA,"treasurer, a controller of public revenues","arcuarius"
"34","argentarius","argentarius","i",NA,"argentarius","male","Waltzing - Rome",8,88,"Metal-Working",NA,"jewellery maker, banker","argentarius"
"35","armamentarius","armamentarius","i",NA,NA,"male","Petrikovits 1981a",5,58,"Miscellaneous Services","Military","an arsenal provider, armory keeper","armamentarius"
"36","armamentarius","armamintarius","i",NA,NA,"male","Petrikovits 1981a",5,58,"Miscellaneous Services","Military","an arsenal provider, armory keeper","armamintarius"
"37","armariarius","armariarius","i",NA,NA,"male","Petrikovits 1981a",8,81,"Household Goods",NA,"cabinet maker","armariarius"
"38","aromatarius","aromatarius","i",NA,"aromatarius","male","Waltzing - Rome",4,43,"Retail",NA,"seller of perfumes, spices","aromatarius"
"39","artifex","artefex","icis",NA,NA,"male","Petrikovits 1981a",1,16,"Plastic Arts",NA,"One that is master in the liberal arts,an artist, artificer","artefex"
"40","artifex","artifex","icis",NA,NA,"male","Petrikovits 1981a",1,16,"Plastic Arts",NA,"One that is master in the liberal arts,an artist, artificer","artifex"
"41","asinarius","asinarius","i",NA,"asinarius","male","Waltzing - provinces",9,97,"Transport","Land transport","a keeper of asses, an ass-driver","asinarius"
"42","athleta","athleta","ae",NA,"athleta","male","Waltzing - provinces",1,17,"Performing Arts",NA,"a wrestler, athlete, combatant in public games","athleta"
"43","aurarius","aurarius","i",NA,"aurarius","male","Waltzing - provinces",7,71,"Metal-Working",NA,"gold-mine worker","aurarius"
"44","auricaesor","auricaesor","oris",NA,NA,"male","Petrikovits 1981a",8,88,"Metal-Working",NA,"manufacturer of sheet gold","auricaesor"
"45","aurifex","aurifex","icis",NA,"aurifex","male","Waltzing - Rome",8,88,"Metal-Working",NA,"goldsmith","aurifex"
"46","aurifex","aurificus","i",NA,NA,"male","Petrikovits 1981a",8,88,"Metal-Working",NA,"goldworker, goldsmith","aurificus"
"47","aurifex","aurufex","icis",NA,NA,"male","Petrikovits 1981a",8,88,"Metal-Working",NA,"goldworker, goldsmith","aurufex"
"48","automatarius","automatarius","i",NA,NA,"male","Petrikovits 1981a",9,99,"Miscellaneous Services",NA,"a maker of automata","automatarius"
"49","axearius","axearius","i",NA,NA,"male","Petrikovits 1981a",8,82,"Building",NA,"uncertain, board-cutter","axearius"
"50","ballistrarius","ballistarius","i",NA,NA,"male","Petrikovits 1981a",0,2,"Miscellaneous Services","Military","manufacturer of ballistae, an engine for hurling","ballistarius"
"51","ballistrarius","ballistrarius","i",NA,NA,"male","Petrikovits 1981a",0,2,"Miscellaneous Services","Military","manufacturer of ballistae, an engine for hurling","ballistrarius"
"52","barbaricarius","barbaricarius","i",NA,NA,"male","Petrikovist 1981b",7,75,"Clothing",NA,"textile worker","barbaricarius"
"53","barbaricarius","barbaricas","atis",NA,NA,"male","Petrikovits 1981a",7,75,"Clothing",NA,"textile worker","barbaricas"
"54","boarius","boarius","i",NA,"boarius","male","Waltzing - Rome",6,62,"Food-Production",NA,"cattle breader","boarius"
"55","bractearius","bractearius","i",NA,NA,"male","Petrikovits 1981a",8,88,"Metal-Working",NA,"goldsheet maker, worker","bractearius"
"56","bractearius","bracteator","oris",NA,NA,"male","Petrikovits 1981a",8,88,"Metal-Working",NA,"goldsheet maker, worker","bracteator"
"57","bractearius","brattearius","i",NA,NA,"male","Petrikovits 1981a",8,88,"Metal-Working",NA,"goldsheet maker, worker","brattearius"
"58","bractearius","brattiarius","i",NA,NA,"male","Petrikovits 1981a",8,88,"Metal-Working",NA,"goldsheet maker, worker","brattiarius"
"59","caelator","caelator","oris",NA,NA,"male","Petrikovits 1981a",1,16,"Plastic Arts",NA,"relief maker, carver","caelator"
"60","caementarius","caementarius","i",NA,NA,"male","Petrikovits 1981a",9,95,"Building","Stone worker","mason","caementarius"
"61","caementarius","cementarius","i",NA,NA,"male","Petrikovits 1981a",9,95,"Building","Stone worker","mason","cementarius"
"62","caesor","caesor","oris",NA,NA,"male","Petrikovits 1981a",9,95,"Building","Stone worker","stone mason","caesor"
"63","caesor","cesor","oris",NA,NA,"male","Petrikovits 1981a",9,95,"Building","Stone worker","stone mason","cesor"
"64","calcariensis","calcarensis","ensis",NA,NA,"male","Petrikovits 1981a",7,74,"Building","Stone worker","a limeburner","calcarensis"
"65","calcariensis","calcariensis","ensis",NA,"calcariensis","male","Waltzing - Rome",7,74,"Building","Stone worker","a limeburner","calcariensis"
"66","calcarius","calcarius","i",NA,NA,"male","Petrikovits 1981a",7,71,"Building","Stone worker","limestone quarry worker","calcarius"
"67","calcarius","calcearius","i",NA,NA,"male","Petrikovits 1981a",7,71,"Building","Stone worker","limestone quarry worker","calcearius"
"68","calceator","calceator","oris",NA,NA,"male","Petrikovits 1981a",8,80,"Clothing","Shoe maker","a shoemaker","calceator"
"69","calceator","calceolarius","i",NA,NA,"male","Petrikovits 1981a",8,80,"Clothing","Shoe maker","a shoemaker","calceolarius"
"70","calceator","calciamentarius","i",NA,NA,"male","Petrikovits 1981a",8,80,"Clothing","Shoe maker","a shoemaker","calciamentarius"
"71","calceator","calciator","oris",NA,NA,"male","Petrikovits 1981a",8,80,"Clothing","Shoe maker","a shoemaker","calciator"
"72","calcis coctor","calcis coctor","oris",NA,"coctor","male","Waltzing - Rome",7,74,"Building","Stone worker","limeburner","calcis coctor"
"73","calegarius","calegarius","i",NA,NA,"male","Petrikovits 1981a",8,80,"Clothing","Shoe maker","a shoemaker","calegarius"
"74","calegarius","caligarius","i",NA,"caligarius","male","Waltzing - Rome",8,80,"Clothing","Shoe maker","a shoemaker","caligarius"
"75","camararius","camararius","i",NA,NA,"male","Petrikovits 1981a",9,95,"Building",NA,"vault building worker","camararius"
"76","camararius","camarius","i",NA,NA,"male","Petrikovits 1981a",9,95,"Building",NA,"vault building worker","camarius"
"77","canalicularius","canalicularius","i",NA,NA,"male","Petrikovits 1981a",9,95,"Water-Management",NA,"canal constructor, specialized worker","canalicularius"
"78","candelabrarius","candelabrarius","i",NA,NA,"male","Petrikovits 1981a",8,83,"Metal-Working",NA,"manufacturer of candelabra, lamp-stand","candelabrarius"
"79","candidarius","candidarius","i",NA,NA,"male","Petrikovits 1981a",5,53,"Food-Production",NA,"a baker","candidarius"
"80","candidator","candidator","oris",NA,NA,"male","Petrikovits 1981a",7,79,"Clothing",NA,"uncertain, textile washer","candidator"
"81","capistrarius","capistrarius","i",NA,NA,"male","Petrikovits 1981a",8,80,"Household Goods",NA,"a halter-maker","capistrarius"
"82","caplator","caplator","oris",NA,"caplator","male","Waltzing - provinces",9,97,"Transport",NA,"oil transporter","caplator"
"83","capsarius","capsarius","i",NA,NA,"male","Petrikovits 1981a",0,6,"Miscellaneous Services",NA,"healing asssitant, producer of capsae (a repository, box, bookcase)","capsarius"
"84","capulator","capulator","oris",NA,"capulator","male","Waltzing - Rome",5,53,"Miscellaneous Services",NA,"decanter","capulator"
"85","carbonarius","carbonarius","i",NA,NA,"male","Petrikovits 1981a",7,71,"Fuel / Raw material",NA,"coal handler, worker, miner","carbonarius"
"86","carbonarius","carbonarus","i",NA,NA,"male","Petrikovits 1981a",7,71,"Fuel / Raw material",NA,"coal handler, worker, miner","carbonarus"
"87","carminator","carminator","oris",NA,NA,"male","Petrikovits 1981a",7,75,"Clothing",NA,"a carder, practitioner of carding, a method of preparing wool for use as a textile","carminator"
"88","carpentarius","carpentarius","i",NA,NA,"male","Petrikovits 1981b",9,95,"Transport","Land transport","a wheelwright","carpentarius"
"89","carpentarius","carrocarpentarius","i",NA,NA,"male","Petrikovits 1981a",9,95,"Transport","Land transport","a wheelwright","carrocarpentarius"
"90","carrarius","carrarius","i",NA,NA,"male","Petrikovits 1981a",9,95,"Transport","Land transport","a wheelwright, cart maker","carrarius"
"91","cassidarius","cassidarius","i",NA,NA,"male","Petrikovits 1981a",8,83,"Metal-Working",NA,"a helmet smith","cassidarius"
"92","caudicarius","caudicarius","i",NA,"caudicarius","male","Waltzing - Rome",9,98,"Transport","Maritime/water transport","those who sail on such ships (esp. those who brought the corn from Ostia to Rome)","caudicarius"
"93","caudicarius","codicarius","i",NA,"codicarius","male","Waltzing - Rome",9,98,"Transport","Maritime/water transport","those who sail on such ships (esp. those who brought the corn from Ostia to Rome)","codicarius"
"94","caupo","caupo","onis",NA,NA,"male","Petrikovits 1981a",4,43,"Retail",NA,"a petty tradesman, huckster, innkeeper","caupo"
"95","cavator","cabator","oris",NA,NA,"male","Petrikovits 1981a",8,83,"Miscellaneous Services",NA,"engraver, maker of hollow spaces","cabator"
"96","cavator","cavator","oris",NA,NA,"male","Petrikovits 1981a",8,82,"Miscellaneous Services",NA,"engraver, maker of hollow spaces","cavator"
"97","cellariarius","cellararius","i",NA,NA,"male","Petrikovits 1981a",5,55,"Household Goods",NA,"one who keeps provisions, a steward, butler","cellararius"
"98","cellariarius","cellariarius","i",NA,NA,"male","Petrikovits 1981b",5,55,"Household Goods",NA,"one who keeps provisions, a steward, butler","cellariarius"
"99","cellariarius","cellaricarius","i",NA,NA,"male","Petrikovits 1981a",5,55,"Household Goods",NA,"one who keeps provisions, a steward, butler","cellaricarius"
"100","cellariarius","cellarius","i",NA,NA,"male","Petrikovits 1981a",5,55,"Household Goods",NA,"one who keeps provisions, a steward, butler","cellarius"
"101","cellariarius","cellio","onis",NA,NA,"male","Petrikovits 1981a",5,55,"Household Goods",NA,"one who keeps provisions, a steward, butler","cellio"
"102","centonarius","centonarius","i",NA,"centonarius","male","Waltzing - Rome",7,79,"Clothing",NA,"a maker of patchwork, a dealer in rags","centonarius"
"103","cerarius","cerarius","i",NA,NA,"male","Petrikovits 1981a",7,77,"Household Goods",NA,"manufacturer of wax products","cerarius"
"104","cerdo","cerdo","onis",NA,NA,"male","Petrikovits 1981a",9,94,"Miscellaneous Services",NA,"a handicraftsman","cerdo"
"105","ceriolarius","ceriolarius","i",NA,NA,"male","Petrikovits 1981a",7,77,"Household Goods",NA,"wax candles manufacturer","ceriolarius"
"106","cervesarius","cervesarius","i",NA,NA,"male","Petrikovits 1981a",5,53,"Food-Production",NA,"beermaker, brewer","cervesarius"
"107","chartarius","cartharius","i",NA,NA,"male","Petrikovits 1981a",9,91,"Miscellaneous Services",NA,"papyrus maker","cartharius"
"108","chartarius","chartarius","i",NA,NA,"male","Petrikovits 1981a",9,91,"Miscellaneous Services",NA,"papyrus maker","chartarius"
"109","chorographus","chorographus","i",NA,NA,"male","Petrikovits 1981a",0,2,"Miscellaneous Services",NA,"cartograph, map maker","chorographus"
"110","circumitor","circitor","oris",NA,"circitor","male","Waltzing - provinces",2,22,"Managerial",NA,"A watchman, overseer, supervisor","circitor"
"111","circumitor","circumitor","oris",NA,NA,"male","Petrikovits 1981a",2,22,"Managerial",NA,"A watchman, overseer, supervisor","circumitor"
"112","cisiarius","cisianus","i",NA,NA,"male","Petrikovits 1981a",9,95,"Transport",NA,"uncertain, the maker / driver of a cabriolet","cisianus"
"113","cisiarius","cisiarius","i",NA,"cisiarius","male","Waltzing - Rome",9,95,"Transport","Land transport","The maker / driver of a cabriolet","cisiarius"
"114","citrarius","citrarius","i",NA,"citrarius","male","Waltzing - Rome",8,81,"Household Goods",NA,"maker of furniture out of citrus trees","citrarius"
"115","claustrarius","clastrarius","i",NA,NA,"male","Petrikovits 1981a",8,83,"Household Goods",NA,"lock maker and seller","clastrarius"
"116","claustrarius","claustrarius","i",NA,NA,"male","Petrikovits 1981a",8,83,"Household Goods",NA,"lock maker and seller","claustrarius"
"117","clavarius","claharus","i",NA,NA,"male","Petrikovits 1981a",8,83,"Metal-Working",NA,"nail maker","claharus"
"118","clavarius","clavarius","i",NA,NA,"male","Petrikovits 1981a",8,83,"Metal-Working",NA,"nail maker","clavarius"
"119","claviclarius","claviclarius","i",NA,NA,"male","Petrikovits 1981a",8,83,"Metal-Working",NA,"A bar, bolt of the door maker, or guardian of a prison","claviclarius"
"120","claviclarius","clavicularius","i",NA,NA,"male","Petrikovits 1981a",8,83,"Metal-Working",NA,"A bar, bolt of the door maker, or guardian of a prison","clavicularius"
"121","clibanarius","clibanarius","i",NA,"clibanarius","male","Waltzing - provinces",5,53,"Food-Production",NA,"a soldier clad in mail, a cuirassier, baker","clibanarius"
"122","coactarius","coactarius","i",NA,NA,"male","Petrikovits 1981a",7,75,"Clothing",NA,"felt maker","coactarius"
"123","coactarius","coactiliarius","i",NA,NA,"male","Petrikovits 1981a",7,75,"Clothing",NA,"felt maker","coactiliarius"
"124","coactor","coactor","oris",NA,NA,"male","Petrikovits 1981a",7,75,"Clothing",NA,"felt producer or seller","coactor"
"125","coactor","coator","oris",NA,NA,"male","Petrikovits 1981a",7,75,"Clothing",NA,"felt producer or seller","coator"
"126","coctarius","coctarius","i",NA,NA,"male","Petrikovits 1981a",5,53,"Food-Production",NA,"a cook","coctarius"
"127","coctarius","coctor","oris",NA,"coctor","male","Waltzing - Rome",5,53,"Food-Production",NA,"a cook, master distiller","coctor"
"128","coctarius","coctuarius","i",NA,NA,"male","Petrikovits 1981a",5,53,"Food-Production",NA,"a cook","coctuarius"
"129","coctarius","cocus","i",NA,NA,"male","Petrikovits 1981a",5,53,"Food-Production",NA,"a cook ","cocus"
"130","colorator","colorator","oris",NA,NA,"male","Petrikovits 1981a",7,75,"Clothing","Colour production","dyer, colormaker, painter","colorator"
"131","columnarius","columnarius","i",NA,NA,"male","Petrikovits 1981a",9,95,"Building",NA,"column manufacturer","columnarius"
"132","conchylegulus","conchylegulus","i",NA,NA,"male","Petrikovits 1981a",7,75,"Clothing","Colour production","a collector of purpur shell-fish","conchylegulus"
"133","conchylegulus","conchyliarius","i",NA,NA,"male","Petrikovits 1981a",7,75,"Clothing","Colour production","a collector of purpur shell-fish","conchyliarius"
"134","conchylegulus","conchyliolegulus","i",NA,"conchyliolegulus","male","Waltzing - provinces",7,75,"Clothing","Colour production","a collector of purpur shell-fish","conchyliolegulus"
"135","conchylegulus","conquiliarius","i",NA,NA,"male","Petrikovits 1981a",7,75,"Clothing","Colour production","a collector of purpur shell-fish","conquiliarius"
"136","conditarius","conditarius","i",NA,NA,"male","Petrikovits 1981a",5,53,"Food-Production",NA,"fine cook, foor preparer","conditarius"
"137","conditor","conditor","oris",NA,NA,"male","Petrikovits 1981a",5,53,"Food-Production",NA,"cook, a seasoner, pickler","conditor"
"138","confector","confector","oris",NA,NA,"male","Petrikovits 1981a",7,76,"Miscellaneous Services",NA,"an accomplisher, finisher, a tanner","confector"
"139","confectuarius","confectorarius","i",NA,"confectorarius","male","Waltzing - Rome",5,53,"Food-Production",NA,"a butcher","confectorarius"
"140","confectuarius","confectuarius","i",NA,NA,"male","Petrikovits 1981a",5,53,"Food-Production",NA,"a butcher","confectuarius"
"141","conflator","conflator","oris",NA,NA,"male","Petrikovits 1981a",8,83,"Metal-Working",NA,"a metal-caster","conflator"
"142","copo","copo","onis",NA,NA,"male","Petrikovits 1981a",5,51,"Miscellaneous Services",NA,"innkeeper","copo"
"143","corarianus","corarianus","i",NA,NA,"male","Petrikovits 1981a",7,76,"Clothing",NA,"tanner of leather and hides","corarianus"
"144","corarianus","corarius","i",NA,"corarius","male","Waltzing - Rome",7,76,"Clothing",NA,"tanner of leather and hides","corarius"
"145","corarianus","coriarius","i",NA,"coriarius","male","Waltzing - provinces",7,76,"Clothing",NA,"a tanner, currier","coriarius"
"146","cornicen","cornicen","nis",NA,"cornicen","male","Waltzing - Rome",1,17,"Performing Arts",NA,"a hornblower, trumpeter, cornet-player","cornicen"
"147","coronarius","coronarius","i",NA,"coronarius","male","Waltzing - Rome",8,88,"Miscellaneous Services",NA,"maker of wreaths/crowns","coronarius"
"148","crepidarius","crepidarius","i",NA,NA,"male","Petrikovits 1981a",8,80,"Clothing","Shoe maker","a sandal-maker, shoemaker","crepidarius"
"149","cretaria","cretaria","ae",NA,NA,"male","Petrikovits 1981a",4,43,"Retail",NA,"a shop for Cretan earth, pottery, seller, maker","cretaria"
"150","cretaria","cretarius","i",NA,NA,"male","EDH/EDCS",4,43,"Retail",NA,"a shop for Cretan earth, pottery, pottery maker","cretarius"
"151","culinarius","culinarius","i",NA,"culinarius","male","Waltzing - provinces",5,53,"Food-Production",NA,"pertaining to the kitchen, culinary, kitchen worker","culinarius"
"152","cullearius","cullearius","i",NA,NA,"male","Petrikovits 1981a",8,80,"Household Goods",NA,"maker of a leather bag, sack for liquids","cullearius"
"153","cultellarius","cultellarius","i",NA,NA,"male","Petrikovits 1981a",8,83,"Metal-Working",NA,"maker of a small knife","cultellarius"
"154","cultellarius","cultrarius","i",NA,NA,"male","Petrikovits 1981a",8,83,"Metal-Working",NA,"knife maker, cutler","cultrarius"
"155","cunarius","cunarius","i",NA,NA,"male","Petrikovits 1981a",5,54,"Miscellaneous Services",NA,"nanny, babysitter","cunarius"
"156","cuparius","cuparius","i",NA,"cuparius","male","Waltzing - provinces",8,83,"Metal-Working",NA,"a cooper","cuparius"
"157","curator","curator","oris",NA,"curator","male","Waltzing",2,21,"Managerial",NA,"he who takes charge, a manager, overseer, superintendent, keeper, commissioner, delegate","curator"
"158","curator navium","curator navium","oris",NA,"curator","male","Waltzing - Rome",2,21,"Managerial",NA,"ship manager","curator navium"
"159","custodiarius","custodiarius","i",NA,"custodiarius","male","Waltzing - Rome",5,58,"Miscellaneous Services",NA,"a jailer","custodiarius"
"160","dealbator","dealbator","oris",NA,NA,"male","Petrikovits 1981a",9,93,"Building",NA,"who whitens over, a whitewasher, a pargeter, plasterer","dealbator"
"161","decanus","decanus","i",NA,"decanus","male","Waltzing - Rome",2,22,"Managerial",NA,"A chief of ten, one set over ten persons","decanus"
"162","dendrophorus","dendrophorus","i",NA,"dendrophorus","male","Waltzing - Rome",9,95,"Building","Wood worker","a carpenter","dendrophorus"
"163","diffusor","diffusor","oris",NA,"diffusor","male","Waltzing - provinces",4,43,"Food-Retail",NA,"trader of oil","diffusor"
"164","dissignator","dissignator","oris",NA,"dissignator","male","Waltzing - provinces",2,21,"Managerial",NA,"an undertaker, manager","dissignator"
"165","dolabrarius","dolabrarius","i",NA,"dolabrarius","male","Waltzing - provinces",8,83,"Metal-Working",NA,"a pickaxe-maker","dolabrarius"
"166","dolator","dolator","oris",NA,NA,"male","Petrikovits 1981a",9,95,"Building",NA,"worker with an axe","dolator"
"167","dominus navium","dominus navium","i",NA,"dominus","male","Waltzing - Rome",0,4,"Transport","Maritime/water transport","shipmaster","dominus navium"
"168","dulciarius","dulciarius","i",NA,NA,"male","Petrikovits 1981a",5,53,"Food-Production",NA,"Confectioner, baker","dulciarius"
"169","eborarius","eborarius","i",NA,"eborarius","male","Waltzing - Rome",8,88,"Miscellaneous Services",NA,"a worker in ivory","eborarius"
"170","eborarius","eburarius","i",NA,NA,"male","Petrikovits 1981a",8,88,"Miscellaneous Services",NA,"a worker in ivory","eburarius"
"171","embaenitarius","embaenitarius","i",NA,NA,"male","Petrikovits 1981a",NA,NA,"Unclassified",NA,"uncertain","embaenitarius"
"172","emporus","emporus","i",NA,"emporus","male","Waltzing - provinces",4,45,"Retail",NA,"a trader","emporus"
"173","ephippiarius","ephippiarius","i",NA,NA,"male","Petrikovits 1981a",8,80,"Transport","Land transport","saddler","ephippiarius"
"174","ephippiarius","epippiarius","i",NA,NA,"male","Petrikovits 1981a",8,80,"Transport","Land transport","saddler","epippiarius"
"175","erarius","erarius","i",NA,NA,"male","Petrikovits 1981a",8,83,"Metal-Working",NA,"coppersmith","erarius"
"176","essedarius","essedarius","i",NA,NA,"male","Petrikovits 1981a",5,58,"Miscellaneous Services","Military","a fighter in a war-chariot","essedarius"
"177","exactor auri argenti et aeris","exactor auri argenti et aeris","oris",NA,"exactor","male","Petrikovits 1981a",3,31,"Finance",NA,"overseer of gold and silver money production,a collector of taxes, a tax gatherer","exactor auri argenti et aeris"
"178","exceptor","exceptor","oris",NA,"exceptor","male","Waltzing - Rome",3,32,"Education",NA,"an amanuensis, short-hand writer, scribe","exceptor"
"179","exclussor","exclussor","oris",NA,NA,"male","Petrikovits 1981a",8,83,"Metal-Working",NA,"blacksmith","exclussor"
"180","exclussor","excusor","oris",NA,NA,"male","Petrikovits 1981a",8,83,"Metal-Working",NA,"blacksmith","excusor"
"181","exonerator","exonerator","oris",NA,"exonerator","male","Waltzing - Rome",9,97,"Transport","Land transport","an unloader of calc (calcarii)","exonerator"
"182","extructor","extructor","oris",NA,NA,"male","Petrikovits 1981a",0,2,"Building",NA,"builder","extructor"
"183","faber","faber","ri",NA,"faber","male","Waltzing - Rome",9,99,"Unclassfied",NA,"a worker in wood, stone, metal, etc., a forger, smith, artificer, carpenter, joiner","faber"
"184","faber aciarius","faber","ri","aciarius","faber","male","EDH/EDCS",7,75,"Clothing",NA,"thread maker, textile worker","faber aciarius"
"185","faber aerarius","faber","ri","aerarius","faber","male","Waltzing - Rome",8,83,"Metal-Working",NA,"bronze worker","faber aerarius"
"186","faber anularius","faber","ri","anularius","faber","male","EDH/EDCS",8,88,"Metal-Working",NA,"signet-ring maker","faber anularius"
"187","faber argentarius","faber","ri","argentarius","faber","male","Waltzing - Rome",8,88,"Metal-Working",NA,"silver-smith, money-maker","faber argentarius"
"188","faber carpentarius","faber","ri","carpentarius","faber","male","EDH/EDCS",9,95,"Transport","Land transport","a wheelwright worker","faber carpentarius"
"189","faber centonarius","faber","ri","centonarius","faber","male","Ghent Database Roman Guilds",7,75,"Clothing",NA,"textile maker","faber centonarius"
"190","faber dolabrarius","faber","ri","dolabrarius","faber","male","Waltzing - Rome",8,83,"Metal-Working",NA,"axe maker","faber dolabrarius"
"191","faber ferrarius","faber","ri","ferrarius","faber","male","Waltzing - Rome",8,83,"Metal-Working",NA,"blacksmith","faber ferrarius"
"192","faber intestinarius","faber","ri","intestinarius","faber","male","EDH/EDCS",9,95,"Building",NA,"joiner, wood worker","faber intestinarius"
"193","faber lapidarius","faber","ri","lapidarius","faber","male","EDH/EDCS",7,71,"Building",NA,"stone worker, letter cutter","faber lapidarius"
"194","faber lectarius","faber","ri","lectarius","faber","male","EDH/EDCS",8,81,"Household Goods",NA,"couch maker","faber lectarius"
"195","faber limarius","faber","ri","limarius","faber","male","EDH/EDCS",8,83,"Clothing",NA,"file cutter, maker, textile worker","faber limarius"
"196","faber navalis","faber","ri","navalis","faber","male","Waltzing - Rome",9,95,"Transport","Maritime/water transport","boat constructors","faber navalis"
"197","faber subaedianus","faber","ri","subaedianus","faber","male","Ghent Database Roman Guilds",NA,NA,"Unclassified",NA,"unspecified house worker","faber subaedianus"
"198","faber tignarius","faber","ri","tignarius","faber","male","Waltzing - Rome",0,2,"Building",NA,"builder","faber tignarius"
"199","faber tignarius","faber","ri","tignuarius","faber","male","Waltzing - Rome",0,2,"Building",NA,"builder","faber tignuarius"
"200","fabricator","fabricator","oris",NA,NA,"male","Petrikovits 1981a",9,94,"Miscellaneous Services",NA,"manufacturer, an artificer, framer, forger, contriver, fabricator","fabricator"
"201","fabricensis","fabricensis","ensis",NA,"fabricensis","male","Waltzing - provinces",8,83,"Metal-Working",NA,"an armorer","fabricensis"
"202","fabricensis","fabriciensis","ensis",NA,NA,"male","Petrikovits 1981a",8,83,"Metal-Working",NA,"an armorer","fabriciensis"
"203","fabricensis","fabriciensius","i",NA,NA,"male","Petrikovits 1981b",8,83,"Metal-Working",NA,"an armorer","fabriciensius"
"204","fabricensis","fabriciesis","esis",NA,NA,"male","Petrikovits 1981a",8,83,"Metal-Working",NA,"an armorer","fabriciesis"
"205","factor","factor","oris",NA,NA,"male","Petrikovits 1981a",6,61,"Food-Production",NA,"an oil-presser","factor"
"206","faenarius","faenarius","i",NA,"faenarius","male","Waltzing - Rome",3,39,"Finance",NA,"one who lends money on interest","faenarius"
"207","falancarius","falancarius","i",NA,"falancarius","male","Waltzing - Rome",9,97,"Transport","Land transport","one who carries burdens with the aid of a long pole","falancarius"
"208","farmacopola","farmacopola","ae",NA,"farmacopola","male","Waltzing - provinces",0,6,"Miscellaneous Services",NA,"druggist","farmacopola"
"209","ferrarius","ferrarius","i",NA,NA,"male","Petrikovits 1981a",8,83,"Metal-Working",NA,"iron smith","ferrarius"
"210","ferrius","ferrius","i",NA,NA,"male","Petrikovits 1981a",8,83,"Metal-Working",NA,"worker with iron","ferrius"
"211","fictiliarius","fictiliarius","i",NA,NA,"male","Petrikovits 1981a",8,89,"Household Goods",NA,"potter","fictiliarius"
"212","fidicinus","fidicinus","i",NA,"fidicinus","male","Waltzing - Rome",1,17,"Performing Arts",NA,"lute player","fidicinus"
"213","figulus","figelus","i",NA,NA,"male","Petrikovits 1981a",8,89,"Household Goods",NA,"a potter","figelus"
"214","figulus","figlinator","oris",NA,NA,"male","Petrikovits 1981a",8,89,"Household Goods",NA,"a potter","figlinator"
"215","figulus","figlus","i",NA,NA,"male","Petrikovits 1981a",8,89,"Household Goods",NA,"a potter","figlus"
"216","figulus","figularius","i",NA,NA,"male","Petrikovits 1981a",8,89,"Household Goods",NA,"a potter","figularius"
"217","figulus","figulator","oris",NA,NA,"male","Petrikovits 1981a",8,89,"Household Goods",NA,"a potter","figulator"
"218","figulus","figulus","i",NA,"figulus","male","Waltzing - Rome",8,89,"Household Goods",NA,"a potter","figulus"
"219","finctor","fictor","oris",NA,NA,"male","Petrikovits 1981a",1,16,"Plastic Arts",NA,"a moulder, sculptor, image-maker, statuary","fictor"
"220","finctor","finctor","oris",NA,NA,"male","Petrikovits 1981a",1,16,"Plastic Arts",NA,"a moulder, sculptor, image-maker, statuary","finctor"
"221","flator","flator","oris",NA,NA,"male","Petrikovits 1981a",8,83,"Metal-Working",NA,"a blower of a windinstrument, caster","flator"
"222","flaturarius","flaturarius","i",NA,NA,"male","Petrikovits 1981a",8,83,"Metal-Working",NA,"a caster","flaturarius"
"223","florentinarius","florentinarius","i",NA,NA,"male","Petrikovits 1981a",NA,NA,"Unclassified",NA,"uncertain","florentinarius"
"224","focarius","focarius","i",NA,"focarius","male","Waltzing - provinces",5,53,"Food-Production",NA,"a kitchen-boy; a kitchen-maid, cook","focarius"
"225","fontanus","fontanus","i",NA,"fontanus","male","Waltzing - provinces",9,95,"Water-Management",NA,"of a spring, from a fountain, spring, worker?","fontanus"
"226","forensis","forensis","is",NA,"forensis","male","Waltzing - provinces",2,22,"Managerial",NA,"of or belonging to the market or forum, public, trader, a public pleader, advocate","forensis"
"227","fornacator","fornacator","oris",NA,NA,"male","Petrikovits 1981a",9,95,"Water-Management",NA,"the heater of a bath-furnace, a bath-heater","fornacator"
"228","fosor","fosor","oris",NA,NA,"male","Petrikovits 1981a",9,97,"Building",NA,"a digger, delver, ditcher","fosor"
"229","fosor","fossor","oris",NA,NA,"male","Petrikovits 1981a",9,97,"Building",NA,"a digger, delver, ditcher","fossor"
"230","frumentarius","frumentarius","i",NA,NA,"male","EDH/EDCS",4,43,"Retail",NA,"trader with corn","frumentarius"
"231","fullo","fullo","onis",NA,"fullo","male","Waltzing - Rome",7,75,"Clothing",NA,"a cloth-fuller","fullo"
"232","funerarius","funerarius","i",NA,NA,"male","Petrikovits 1981a",5,59,"Death-care sector",NA,"mortician","funerarius"
"233","funerarius","funerator","oris",NA,NA,"male","Petrikovits 1981a",5,59,"Death-care sector",NA,"mortician","funerator"
"234","furnaria","furnaria","ae",NA,NA,"female","Petrikovits 1981a",5,53,"Food-Production",NA,"female baker, stove builder","furnaria"
"235","furnarius","furnarius","i",NA,NA,"male","Petrikovits 1981a",5,53,"Food-Production",NA,"baker, stove builder","furnarius"
"236","gallicarius","gallicarius","i",NA,NA,"male","Petrikovits 1981a",8,80,"Clothing","Shoe maker","special shoe type maker and seller","gallicarius"
"237","gallinarius","gallinarius","i",NA,"gallinarius","male","Waltzing - provinces",6,62,"Food-Production",NA,"a keeper of poultry","gallinarius"
"238","gaunacarius","gaunacarius","i",NA,NA,"male","Petrikovits 1981a",7,75,"Clothing",NA,"furrier","gaunacarius"
"239","gemmarius","gemmarius","i",NA,NA,"male","Petrikovits 1981a",1,16,"Plastic Arts",NA,"gem maker, carver","gemmarius"
"240","gerulus","gerulus","i",NA,"gerulus","male","Waltzing - Rome",9,97,"Transport","Land transport","a carrier, porter","gerulus"
"241","gisiarius","gisiarius","i",NA,"gisiarius","male","Waltzing - provinces",9,95,"Transport","Land transport","The maker / driver of a cabriolet","gisiarius"
"242","gladiarius","gladiarius","i",NA,NA,"male","Petrikovits 1981a",8,83,"Metal-Working",NA,"a sword-cutler","gladiarius"
"243","gladiator","gladiator","oris",NA,"gladiator","male","Waltzing - Rome",1,17,"Performing Arts",NA,"gladiator","gladiator"
"244","glutinarius","glutinarius","i",NA,NA,"male","Petrikovits 1981a",7,74,"Miscellaneous Services",NA,"glue boiler, glue maker","glutinarius"
"245","glutinator","glutinator","oris",NA,NA,"male","Petrikovits 1981a",7,74,"Miscellaneous Services",NA,"a gluer together of books, a bookbinder, papyrusbinder","glutinator"
"246","gypsarius","gupsarius","i",NA,NA,"male","Petrikovits 1981a",9,95,"Building",NA,"plaster worker","gupsarius"
"247","gypsarius","gypsarius","i",NA,NA,"male","Petrikovits 1981a",9,95,"Building",NA,"plaster worker","gypsarius"
"248","harenarius","arenarius","i",NA,"arenarius","male","Waltzing - provinces",1,17,"Performing Arts",NA,"harenarius, combatant in the amphitheatre, a gladiator","arenarius"
"249","harenarius","harenarius","i",NA,"harenarius","male","Waltzing - provinces",1,17,"Performing Arts",NA,"A combatant in the amphitheatre, a gladiator or A teacher of the elements of arithmetic","harenarius"
"250","hastifer","hastifer","eris",NA,"hastifer","male","Waltzing - provinces",5,58,"Miscellaneous Services",NA,"city militia","hastifer"
"251","holitor","hilitor","oris",NA,NA,"male","Petrikovits 1981a",6,63,"Food-Production",NA,"gardener, vegetable gardener","hilitor"
"252","holitor","holitor","oris",NA,NA,"male","Petrikovits 1981a",6,63,"Food-Production",NA,"gardener, vegetable gardener","holitor"
"253","horrearius","horrearius","i",NA,"horrearius","male","Waltzing - Rome",2,22,"Managerial",NA,"the superintendent of a storehouse","horrearius"
"254","hortolanus","hortolanus","i",NA,NA,"male","Petrikovits 1981a",5,55,"Miscellaneous Services",NA,"gardener","hortolanus"
"255","hortolanus","hortulanus","i",NA,NA,"male","Petrikovits 1981b",5,55,"Miscellaneous Services",NA,"gardener","hortulanus"
"256","imaginarius","imaginarius","i",NA,NA,"male","Petrikovits 1981a",1,16,"Plastic Arts",NA,"painter","imaginarius"
"257","inaurator","inaurator","oris",NA,"inaurator","male","Waltzing - Rome",8,88,"Metal-Working",NA,"a gilder","inaurator"
"258","infector","infector","oris",NA,NA,"male","Petrikovits 1981a",7,75,"Clothing","Colour production","a dyer","infector"
"259","inpiliarius","impiliarius","i",NA,NA,"male","Petrikovits 1981a",8,80,"Clothing","Shoe maker","slipper maker, shoe maker","impiliarius"
"260","inpiliarius","inpiliarius","i",NA,NA,"male","Petrikovits 1981a",8,80,"Clothing","Shoe maker","slipper maker, felt shoe maker","inpiliarius"
"261","institor","institor","oris",NA,NA,"male","Petrikovits 1981a",4,45,"Retail",NA,"a factor, broker, huckster, hawker, peddler","institor"
"262","intestinarius","intestinarius","i",NA,NA,"male","Petrikovits 1981a",8,82,"Building","Wood worker","woodworker","intestinarius"
"263","intestinarius","intestinus","i",NA,NA,"male","Petrikovits 1981a",8,82,"Building","Wood worker","woodworker","intestinus"
"264","inundatoris","inundatoris","is",NA,"inundatoris","male","Waltzing - Rome",NA,NA,"Unclassified",NA,"unclear","inundatoris"
"265","iumentarius","iumentarius","i",NA,"iumentarius","male","Waltzing - Rome",9,97,"Transport","Land transport","of or belonging to draught-cattle","iumentarius"
"266","iumentarius","jumentarius","i",NA,"jumentarius","male","Waltzing - Rome",9,97,"Transport","Land transport","of or belonging to draught-cattle","jumentarius"
"267","lactarius","lactarius","i",NA,NA,"male","Petrikovits 1981a",5,53,"Food-Production",NA,"food preparer with milk","lactarius"
"268","lactarius","lactearius","i",NA,NA,"male","Petrikovits 1981a",5,53,"Food-Production",NA,"food preparer with milk","lactearius"
"269","lanarius","lanarius","i",NA,"lanarius","male","Waltzing - provinces",7,75,"Clothing",NA,"a worker in wool","lanarius"
"270","laniarius","laniarius","i",NA,NA,"male","Petrikovits 1981a",5,53,"Food-Production",NA,"a butcher","laniarius"
"271","lanifica","lanifica","ae",NA,NA,"female","Petrikovits 1981b",7,75,"Clothing",NA,"female wool-spinner","lanifica"
"272","lanificus","lanificus","i",NA,NA,"male","Petrikovits 1981a",7,75,"Clothing",NA,"a wool-spinner","lanificus"
"273","lanionus","lanionus","i",NA,"lanionus","male","Waltzing - provinces",7,77,"Food-Production",NA,"of or belonging to a butcher","lanionus"
"274","lanipendius","lanipendia","ae",NA,NA,"male","Petrikovits 1981b",7,75,"Clothing",NA,"one who weighs out wool","lanipendia"
"275","lanipendius","lanipendius","i",NA,NA,"male","Petrikovits 1981a",7,75,"Clothing",NA,"one who weighs out wool","lanipendius"
"276","lanius","lanio","onis",NA,NA,"male","Petrikovits 1981a",7,77,"Food-Production",NA,"a butcher","lanio"
"277","lanius","lanius","i",NA,"lanius","male","Waltzing - Rome",7,77,"Food-Production",NA,"a butcher","lanius"
"278","lanternarius","lanternarius","i",NA,NA,"male","Petrikovits 1981a",8,81,"Household Goods",NA,"lamp maker","lanternarius"
"279","lapicida","lapicida","ae",NA,NA,"male","Petrikovits 1981a",7,71,"Building","Stone worker","a quarryman, stone-cutter","lapicida"
"280","lapicida","lapicidinarius","i",NA,NA,"male","Petrikovits 1981a",7,71,"Building","Stone worker","a quarryman, stone-cutter","lapicidinarius"
"281","lapicida","lapidicida","ae",NA,NA,"male","Petrikovits 1981a",7,71,"Building","Stone worker","a quarryman, stone-cutter","lapidicida"
"282","lapidarius","lapidarius","i",NA,"lapidarius","male","Waltzing - provinces",7,71,"Building","Stone worker","stone-cutter","lapidarius"
"283","laquearius","laquearius","i",NA,NA,"male","Petrikovits 1981a",9,95,"Building",NA,"one that makes panelled ceilings, a ceiling-maker","laquearius"
"284","lavator","lavator","oris",NA,NA,"male","Petrikovits 1981a",7,75,"Clothing",NA,"a clothes-washer","lavator"
"285","lecticarius","lecticarius","i",NA,"lecticarius","male","Waltzing - Rome",5,53,"Food-Production",NA,"a cook","lecticarius"
"286","lectuarius","lectarius","i",NA,NA,"male","Petrikovits 1981a",8,81,"Household Goods",NA,"a couch-maker","lectarius"
"287","lectuarius","lectuarius","i",NA,NA,"male","Petrikovits 1981a",8,81,"Household Goods",NA,"a couch-maker","lectuarius"
"288","legulus","legulus","i",NA,NA,"male","Petrikovits 1981a",6,61,"Food-Production",NA,"a gatherer, collector; esp. one who picked up the fallen olives","legulus"
"289","lenuncularius","lenuncularius","i",NA,"lenuncularius","male","Waltzing - Rome",9,98,"Transport","Maritime/water transport","one who sails in a small vessel","lenuncularius"
"290","libarius","libarius","i",NA,NA,"male","Petrikovits 1981a",5,53,"Food-Production",NA,"a pastry-cook, confectioner","libarius"
"291","libitinarius","libitinarius","i",NA,NA,"male","Petrikovits 1981a",5,59,"Death-care sector",NA,"an undertaker, mortician","libitinarius"
"292","librator","librator","oris",NA,NA,"male","Petrikovits 1981a",0,2,"Miscellaneous Services",NA,"a leveller, esp. by means of a water-level, a surveyor","librator"
"293","lignarius","lignarius","i",NA,"lignarius","male","Waltzing - provinces",9,95,"Building","Wood worker","A worker in wood, a carpenter, joiner","lignarius"
"294","limarius","limarius","i",NA,NA,"male","Petrikovits 1981a",8,83,"Clothing",NA,"file cutter, maker","limarius"
"295","lintarius","linarius","i",NA,"linarius","male","Waltzing - provinces",7,75,"Clothing",NA,"a linen-weaver, dealer in linen","linarius"
"296","lintarius","lintarius","i",NA,"lintarius","male","Waltzing - provinces",7,75,"Clothing",NA,"a linen-weaver, dealer in linen","lintarius"
"297","lintarius","linteator","oris",NA,NA,"male","Petrikovits 1981a",7,75,"Clothing",NA,"a linen-weaver, dealer in linen","linteator"
"298","lintarius","linteo","onis",NA,NA,"male","Petrikovits 1981a",7,75,"Clothing",NA,"a linen-weaver, dealer in linen","linteo"
"299","lintarius","lintiarius","i",NA,"lintiarius","male","Waltzing - provinces",7,75,"Clothing",NA,"a linen-weaver, dealer in linen","lintiarius"
"300","lintarius","lintio","onis",NA,NA,"male","Petrikovits 1981a",7,75,"Clothing",NA,"a linen-weaver, dealer in linen","lintio"
"301","lintearius","lintearius","i",NA,"lintearius","male","Waltzing - Rome",9,98,"Transport","Maritime/water transport","a boatman, waterman","lintearius"
"302","lintearius","lintrarius","i",NA,"lintrarius","male","Waltzing - Rome",9,98,"Transport","Maritime/water transport","a boatman, waterman","lintrarius"
"303","liticinus","liticinus","i",NA,"liticinus","male","Waltzing - Rome",1,17,"Performing Arts",NA,"a player on the clarion","liticinus"
"304","locularius","loclarius","i",NA,NA,"male","Petrikovits 1981a",5,59,"Death-care sector",NA,"casket maker, coffin maker","loclarius"
"305","locularius","locularius","i",NA,NA,"male","Petrikovits 1981a",5,59,"Death-care sector",NA,"casket maker, coffin maker","locularius"
"306","lorarius","lorarius","i",NA,NA,"male","Petrikovits 1981a",8,80,"Miscellaneous Services","Military","a harness-maker","lorarius"
"307","loricarius","loricarius","i",NA,NA,"male","Petrikovits 1981a",8,83,"Miscellaneous Services","Military","maker of lorica, cuirass","loricarius"
"308","lotor","lotor","oris",NA,NA,"male","Petrikovits 1981a",7,75,"Clothing",NA,"a clothes-washer","lotor"
"309","lotorus","lotorus","i",NA,"lotorus","male","Waltzing - provinces",7,75,"Clothing",NA,"fuller, clening wool","lotorus"
"310","lucernarius","lucernarius","i",NA,NA,"male","Petrikovits 1981a",9,94,"Household Goods",NA,"lamp maker","lucernarius"
"311","lupinarius","lupinarius","i",NA,"lupinarius","male","Waltzing - Rome",4,43,"Food-Retail",NA,"dealers in lupines","lupinarius"
"312","lyntrarius","lyntrarius","i",NA,"lyntrarius","male","Waltzing - provinces",9,95,"Transport","Maritime/water transport","raft-maker","lyntrarius"
"313","macellarius","macellarius","i",NA,"macellarius","male","Waltzing - provinces",7,77,"Food-Production",NA,"butcher","macellarius"
"314","machinarius","machinarius","i",NA,NA,"male","Petrikovits 1981a",9,95,"Building",NA,"a machinist, machine-builder,","machinarius"
"315","machinator","machinator","oris",NA,NA,"male","Petrikovits 1981a",0,2,"Miscellaneous Services",NA,"a maker of machines, a machinist, an engineer, architect","machinator"
"316","magnarius","magnarius","i",NA,"magnarius","male","Waltzing - Rome",4,43,"Retail",NA,"a dealer in gross, wholesale dealer","magnarius"
"317","malleator","malleator","oris",NA,NA,"male","Petrikovits 1981a",8,83,"Miscellaneous Services",NA,"worker with hammer, coinstrucker","malleator"
"318","malleator","malliator","oris",NA,NA,"male","Petrikovits 1981a",8,83,"Miscellaneous Services",NA,"worker with hammer, coinstrucker","malliator"
"319","manicarius","manicarius","i",NA,NA,"male","Petrikovits 1981a",8,83,"Miscellaneous Services",NA,"manufacturers of manicae, bangages for gladiator sword","manicarius"
"320","manticularius","manticularius","i",NA,"manticularius","male","Waltzing - provinces",7,79,"Clothing",NA,"manufacturer of a small wallet, purse, pouch","manticularius"
"321","manupretiarius","manupretiarius","i",NA,NA,"male","Petrikovits 1981a",9,99,"Unclassified",NA,"uncertain, unspecified worker, for hourly wage","manupretiarius"
"322","margaritarius","margaritarius","i",NA,NA,"male","Petrikovits 1981a",4,43,"Retail",NA,"a dealer in pearls, a pearl-fisher","margaritarius"
"323","marmorarius","marmarius","i",NA,NA,"male","Petrikovits 1981a",9,95,"Building","Stone worker","marble worker","marmarius"
"324","marmorarius","marmorarienses","ae",NA,NA,"male","Petrikovits 1981a",9,95,"Building","Stone worker","marble worker","marmorarienses"
"325","marmorarius","marmorarius","i",NA,"marmorarius","male","Waltzing - Rome",9,95,"Building","Stone worker","marble worker","marmorarius"
"326","materiarius","materiarius","i",NA,NA,"male","Petrikovits 1981a",9,95,"Building","Wood worker","wood-worker","materiarius"
"327","medicator","medicator","oris",NA,"medicator","male","Waltzing - provinces",0,6,"Miscellaneous Services",NA,"a physician","medicator"
"328","medicus","medicus","i",NA,"medicus","male","Waltzing - Rome",0,6,"Miscellaneous Services",NA,"a surgeon","medicus"
"329","mensor","mensor","oris",NA,"mensor","male","Waltzing - Rome",0,2,"Miscellaneous Services",NA,"a measurer, surveyor","mensor"
"330","mensor","mesor","oris",NA,NA,"male","Petrikovits 1981a",0,2,"Miscellaneous Services",NA,"a measurer, surveyor","mesor"
"331","mercator","mercator","oris",NA,"mercator","male","Waltzing - Rome",4,45,"Retail",NA,"trader","mercator"
"332","metator","metator","oris",NA,NA,"male","Petrikovits 1981a",0,2,"Miscellaneous Services",NA,"one who marks off, fixer of boundaries, surveyor","metator"
"333","mimus","mimus","i",NA,"mimus","male","Waltzing - Rome",1,17,"Performing Arts",NA,"mime","mimus"
"334","molendarius","molendarius","i",NA,"molendarius","male","Waltzing - Rome",6,61,"Food-Production",NA,"miller","molendarius"
"335","molendarius","molendinarius","i",NA,NA,"male","Petrikovits 1981a",6,61,"Food-Production",NA,"worker in a mill","molendinarius"
"336","molinarius","molator","oris",NA,NA,"male","Petrikovits 1981a",6,61,"Food-Production",NA,"miller","molator"
"337","molinarius","molinarius","i",NA,NA,"male","Petrikovits 1981a",6,61,"Food-Production",NA,"miller","molinarius"
"338","molinarius","molitor","oris",NA,NA,"male","Petrikovits 1981a",6,61,"Food-Production",NA,"miller","molitor"
"339","monetarius","monetarius","i",NA,"monetarius","male","Waltzing - Rome",3,31,"Finance",NA,"a master of the mint","monetarius"
"340","montanarius","montanarius","i",NA,NA,"male","Petrikovits 1981a",5,59,"Death-care sector",NA,"grave digger","montanarius"
"341","moritex","moritex","icis",NA,NA,"male","Petrikovits 1981a",NA,NA,"Unclassified",NA,"unclear","moritex"
"342","mulionus","mulionus","i",NA,"mulionus","male","Waltzing - provinces",9,98,"Transport","Land transport","of a mule-driver","mulionus"
"343","multiciarius","multiciarius","i",NA,NA,"male","Petrikovits 1981a",7,79,"Clothing",NA,"a soft dress, delicate garment seller","multiciarius"
"344","musaearius","musaearius","i",NA,NA,"male","Petrikovits 1981a",1,16,"Plastic Arts",NA,"mosaicer, maker of mosaic","musaearius"
"345","musaearius","musarius","i",NA,NA,"male","Petrikovits 1981a",1,16,"Plastic Arts",NA,"mosaicer, maker of mosaic","musarius"
"346","musaearius","museiarius","i",NA,NA,"male","Petrikovits 1981a",1,16,"Plastic Arts",NA,"mosaicer, maker of mosaic","museiarius"
"347","musivarius","musivarius","i",NA,NA,"male","Petrikovits 1981a",NA,NA,"Unclassified",NA,"unclear","musivarius"
"348","nauclerus","nauclerus","i",NA,"nauclerus","male","Waltzing - provinces",0,4,"Transport","Maritime/water transport","a shipowner, a ship-master, skipper","nauclerus"
"349","naupegiarius","naupegiarius","i",NA,NA,"male","Petrikovits 1981a",9,95,"Transport","Maritime/water transport","a shipbuilder, shipwright, ship-carpenter","naupegiarius"
"350","naupegiarius","naupegus","i",NA,NA,"male","Petrikovits 1981a",9,95,"Transport","Maritime/water transport","a shipbuilder, shipwright, ship-carpenter","naupegus"
"351","nauta","nauta","ae",NA,"nauta","male","Waltzing - Rome",9,98,"Transport","Maritime/water transport","a sailor, seaman, mariner, merchant","nauta"
"352","nauticarius","nauticarius","i",NA,"nauticarius","male","Waltzing - Rome",0,4,"Transport","Maritime/water transport","a shipmaster","nauticarius"
"353","navalis","navalis","is",NA,NA,"male","Petrikovits 1981a",9,98,"Transport","Maritime/water transport","sailors, seamen","navalis"
"354","navicularius","nauicularius","i",NA,"nauicularius","male","Waltzing - Rome",0,4,"Transport","Maritime/water transport","a ship-owner who hires out vessels for money, a ship-master, merchant","nauicularius"
"355","navicularius","navicularius","i",NA,"navicularius","male","Waltzing - Rome",0,4,"Transport","Maritime/water transport","a ship-owner who hires out vessels for money, a ship-master, merchant","navicularius"
"356","navigans","navigans","ntis",NA,"navigans","male","Waltzing - Rome",9,98,"Transport","Maritime/water transport","one who sails in a small vessel","navigans"
"357","navigator","navigator","oris",NA,"navigator","male","Waltzing - Rome",9,98,"Transport","Maritime/water transport","sailor","navigator"
"358","navigiarius","navigiarius","i",NA,"navigiarius","male","Waltzing - Rome",9,98,"Transport","Maritime/water transport","one who sails in a small vessel","navigiarius"
"359","negotians","negotians","ntis",NA,"negotians","male","Waltzing - Rome",4,45,"Retail",NA,"trader","negotians"
"360","negotians ferrarius","negotians","ntis","ferrarius",NA,"male","EDH/EDCS",4,45,"Retail",NA,"trader of metal","negotians ferrarius"
"361","negotians ferrarius","negotiator","oris","ferrarius",NA,"male","EDH/EDCS",4,43,"Retail",NA,"metal trader","negotiator ferrarius"
"362","negotians materiarius","negotians","ntis","materiarius",NA,"male","EDH/EDCS",4,45,"Retail",NA,"trader of timber","negotians materiarius"
"363","negotians materiarius","negotiator","oris","materiarius",NA,"male","EDH/EDCS",4,43,"Retail",NA,"timber trader","negotiator materiarius"
"364","negotiator","negotiator","oris",NA,"negotiator","male","Waltzing - Rome",4,43,"Retail",NA,"one who does business by wholesale, a wholesale dealer, a banker, a factor","negotiator"
"365","negotiator allecarius","negotiator","oris","allecarius",NA,"male","EDH/EDCS",4,43,"Retail",NA,"trader with fish-sauce","negotiator allecarius"
"366","negotiator artis macellariae","negotiator artis macellariae","oris",NA,"negotiator","male","EDH/EDCS",4,43,"Retail",NA,"trader with butcher's products","negotiator artis macellariae"
"367","negotiator artis prossariae","negotiator artis prossariae","oris",NA,"negotiator","male","EDH/EDCS",4,43,"Retail",NA,"trader with textile products","negotiator artis prossariae"
"368","negotiator artis purpurariae","negotiator artis purpurariae","oris",NA,"negotiator","male","EDH/EDCS",4,43,"Retail",NA,"trader with textile purple dyed products","negotiator artis purpurariae"
"369","negotiator artis ratiariae","negotiator artis ratiariae","oris",NA,"negotiator","male","EDH/EDCS",4,43,"Retail",NA,"trader with rafts ?","negotiator artis ratiariae"
"370","negotiator artis vestiariae","negotiator artis vestiariae","oris",NA,"negotiator","male","EDH/EDCS",4,43,"Retail",NA,"trader with textiles","negotiator artis vestiariae"
"371","negotiator artis vestiariae","negotiator artis vestiariae et lintiariae","oris",NA,"negotiator","male","EDH/EDCS",4,43,"Retail",NA,"trader with textiles","negotiator artis vestiariae et lintiariae"
"372","negotiator boarius","negotiator","oris","boarius",NA,"male","EDH/EDCS",4,43,"Retail",NA,"trader with cattle","negotiator boarius"
"373","negotiator boarius","negotiator","oris","iuvencarius","negotiator","male","EDH/EDCS",4,43,"Retail",NA,"young cattle trader","negotiator iuvencarius"
"374","negotiator boarius","negotiator campi pecuarii","oris",NA,"negotiator","male","EDH/EDCS",4,43,"Retail",NA,"trader with cattle","negotiator campi pecuarii"
"375","negotiator boarius","negotiator suariae et pecuariae","oris",NA,"negotiator","male","EDH/EDCS",4,43,"Retail",NA,"cattle trader","negotiator suariae et pecuariae"
"376","negotiator cervesarius","negotiator","oris","cervesarius",NA,"male","EDH/EDCS",4,43,"Retail",NA,"beer trader ?","negotiator cervesarius"
"377","negotiator cretarius","negotiator","oris","cretarius",NA,"male","EDH/EDCS",4,43,"Retail",NA,"pottery trader","negotiator cretarius"
"378","negotiator cretarius","negotiator artis cretariae","oris",NA,"negotiator","male","EDH/EDCS",4,43,"Retail",NA,"pottery trader","negotiator artis cretariae"
"379","negotiator cretarius","negotiator artis cretariae et vestiariae","oris",NA,"negotiator","male","EDH/EDCS",4,43,"Retail",NA,"pottery trader","negotiator artis cretariae et vestiariae"
"380","negotiator eborarius","negotiator","oris","eborarius",NA,"male","EDH/EDCS",4,43,"Retail",NA,"ivory trader","negotiator eborarius"
"381","negotiator frumentariae et legumenariae","negotiator","oris","frumentarius",NA,"male","EDH/EDCS",4,43,"Retail",NA,"trader with corn","negotiator frumentarius"
"382","negotiator frumentariae et legumenariae","negotiator frumentariae et legumenariae","oris",NA,"negotiator","male","EDH/EDCS",4,43,"Retail",NA,"trader with vegetables and corn","negotiator frumentariae et legumenariae"
"383","negotiator gladiarius","negotiator","oris","gladiarius",NA,"male","EDH/EDCS",4,43,"Retail",NA,"trader with swords","negotiator gladiarius"
"384","negotiator lanarius","negotiator","oris","lanarius",NA,"male","EDH/EDCS",4,43,"Retail",NA,"wool trader","negotiator lanarius"
"385","negotiator lintiarius","negotiator","oris","lintiarius",NA,"male","EDH/EDCS",4,43,"Retail",NA,"linen trader","negotiator lintiarius"
"386","negotiator margaritarius","negotiator","oris","margaritarius",NA,"male","EDH/EDCS",4,43,"Retail",NA,"pearl trader","negotiator margaritarius"
"387","negotiator marmorarius","negotiator","oris","marmorarius",NA,"male","EDH/EDCS",4,43,"Retail",NA,"marble trader","negotiator marmorarius"
"388","negotiator nummularius","negotiator","oris","nummularius",NA,"male","EDH/EDCS",4,43,"Retail",NA,"money trader, money distributor, banker","negotiator nummularius"
"389","negotiator olearius","negotiator","oris","olearius",NA,"male","EDH/EDCS",4,43,"Retail",NA,"oil trader","negotiator olearius"
"390","negotiator sagarius","negotiator","oris","paenularius",NA,"male","EDH/EDCS",4,43,"Retail",NA,"mantle trader","negotiator paenularius"
"391","negotiator sagarius","negotiator","oris","sagarius et pellicarius",NA,"male","EDH/EDCS",4,43,"Retail",NA,"mantle trader","negotiator sagarius et pellicarius"
"392","negotiator sagarius","negotiator","oris","sagarius",NA,"male","EDH/EDCS",4,43,"Retail",NA,"mantle trader","negotiator sagarius"
"393","negotiator salarius","negotiator","oris","salarius",NA,"male","EDH/EDCS",4,43,"Retail",NA,"salt trader","negotiator salarius"
"394","negotiator salsari leguminari","negotiator salsari leguminari","oris",NA,"negotiator","male","EDH/EDCS",4,43,"Retail",NA,"salted vegetables trader","negotiator salsari leguminari"
"395","negotiator sericarius","negotiator","oris","sericarius",NA,"male","EDH/EDCS",4,43,"Retail",NA,"silk trader","negotiator sericarius"
"396","negotiator vascularius","negotiator","oris","vascularius",NA,"male","EDH/EDCS",4,43,"Retail",NA,"goldsmith and silver trader","negotiator vascularius"
"397","negotiator vestiarius","negotiator","oris","vestiarius",NA,"male","EDH/EDCS",4,43,"Retail",NA,"clothes trader","negotiator vestiarius"
"398","negotiator vinarius","negotiator","oris","salsamentarius et vinarius",NA,"male","EDH/EDCS",4,43,"Retail",NA,"wine trader","negotiator salsamentarius et vinarius"
"399","negotiator vinarius","negotiator","oris","vinarius",NA,"male","EDH/EDCS",4,43,"Retail",NA,"wine trader","negotiator vinarius"
"400","negotiator vinarius","negotiator cellarum vinarium","oris",NA,"negotiator","male","EDH/EDCS",4,43,"Retail",NA,"trader with wine","negotiator cellarum vinarium"
"401","negotiator vinarius","negotiator penoris et vinorum","oris",NA,"negotiator","male","EDH/EDCS",4,43,"Retail",NA,"wine trader","negotiator penoris et vinorum"
"402","negotiator vinarius","negotiator vini","oris",NA,"negotiator","male","EDH/EDCS",4,43,"Retail",NA,"wine trader","negotiator vini"
"403","nummularius","nummularius","i",NA,"nummularius","male","Waltzing - Rome",3,33,"Finance",NA,"a money-changer","nummularius"
"404","nummularius","numularius","i",NA,NA,"male","Petrikovits 1981a",3,33,"Finance",NA,"a money-changer","numularius"
"405","oculariarius","oculariarius","i",NA,NA,"male","Petrikovits 1981a",1,16,"Plastic Arts",NA,"artisan, glass eye maker for statues","oculariarius"
"406","ocularius","ocularius","i",NA,NA,"male","EDH/EDCS",0,6,"Miscellaneous Services",NA,"eye doctor, eye related discipline","ocularius"
"407","offector","offector","oris",NA,NA,"male","Petrikovits 1981a",7,75,"Clothing","Colour production","dyer","offector"
"408","offector","offectorus","i",NA,"offectorus","male","Waltzing - provinces",7,75,"Clothing","Colour production","dye maker","offectorus"
"409","officinator","officinator","oris",NA,NA,"male","Petrikovits 1981a",5,51,"Miscellaneous Services",NA,"one who keeps a workshop, a master-workman, an artificer, artist","officinator"
"410","officinatrix","officinatrix","icis",NA,NA,"female","Petrikovits 1981a",5,51,"Miscellaneous Services",NA,"female one who keeps a workshop, a master-workman, an artificer, artist","officinatrix"
"411","olarius","olarius","i",NA,NA,"male","Petrikovits 1981a",8,89,"Household Goods",NA,"potter","olarius"
"412","olarius","ollarius","i",NA,NA,"male","Petrikovts 1981b",8,89,"Household Goods",NA,"potter","ollarius"
"413","olearius","oleareus","i",NA,NA,"male","Petrikovits 1981a",6,61,"Food-Production",NA,"oil-maker, olive oil dealer","oleareus"
"414","olearius","olearius","i",NA,"olearius","male","Waltzing - Rome",6,61,"Food-Production",NA,"oil-maker, olive oil dealer","olearius"
"415","olitor","olitor","oris",NA,"olitor","male","Waltzing - provinces",6,63,"Food-Production",NA,"a kitchen-gardener","olitor"
"416","operarius","operarius","i",NA,NA,"male","Petrikovits 1981a",9,94,"Miscellaneous Services",NA,"a laborer, workman, operative","operarius"
"417","opifex","opifex","icis",NA,"opifex","male","Waltzing - provinces",0,2,"Building",NA,"a worker, workman, mechanic, artisan","opifex"
"418","ornator","ornator","oris",NA,NA,"male","Petrikovits 1981a",5,54,"Miscellaneous Services",NA,"An adorner, dresser","ornator"
"419","ornatrix","ornatrix","icis",NA,NA,"female","Petrikovits 1981a",5,54,"Miscellaneous Services",NA,"female adorner, dresser","ornatrix"
"420","paenularius","paenularius","i",NA,NA,"male","Petrikovits 1981a",7,79,"Clothing",NA,"cloak or mantle maker and seller","paenularius"
"421","palangarius","palangarius","i",NA,"palangarius","male","Waltzing - Rome",5,53,"Food-Retail",NA,"wine bearer","palangarius"
"422","panarius","panarius","i",NA,NA,"male","Petrikovits 1981a",4,45,"Food-Retail",NA,"a bread-seller","panarius"
"423","pantomimus","pantomimus","i",NA,"pantomimus","male","Waltzing - provinces",1,17,"Performing Arts",NA,"a ballet-dancer","pantomimus"
"424","parasitus","parasitus","i",NA,"parasitus","male","Waltzing - provinces",1,17,"Performing Arts",NA,"a player, actor","parasitus"
"425","parietarius","parietarius","i",NA,NA,"male","Petrikovits 1981a",1,16,"Plastic Arts",NA,"a painter","parietarius"
"426","pastilarius","pastilarius","i",NA,"pastilarius","male","Waltzing - Rome",5,53,"Food-Production",NA,"a maker of pastils","pastilarius"
"427","pastilarius","pastillarius","i",NA,NA,"male","Petrikovits 1981a",5,53,"Food-Production",NA,"a maker of pastils","pastillarius"
"428","pausarius","pausarius","i",NA,"pausarius","male","Waltzing - Rome",3,33,"Finance",NA,"A money-changer, banker","pausarius"
"429","pavimentarius","pavimentarius","i",NA,"pavimentarius","male","Waltzing - Rome",9,95,"Building","Stone worker","a maker of pavements","pavimentarius"
"430","pectenarius","pectenarius","i",NA,NA,"male","Petrikovits 1981a",8,81,"Household Goods",NA,"a combmaker","pectenarius"
"431","pectenarius","pectinarius","i",NA,NA,"male","Petrikovits 1981a",8,81,"Household Goods",NA,"a combmaker","pectinarius"
"432","pectenarius","pectinator","oris",NA,NA,"male","Petrikovits 1981a",8,81,"Household Goods",NA,"a combmaker","pectinator"
"433","pecuarius","pecuarius","i",NA,"pecuarius","male","Waltzing - Rome",6,62,"Food-Production",NA,"sheep, cattle breader","pecuarius"
"434","pecuarius","pequarius","i",NA,"pequarius","male","Waltzing - Rome",6,62,"Food-Production",NA,"sheep, cattle breader","pequarius"
"435","pellarius","pellarius","i",NA,NA,"male","Petrikovits 1981a",7,76,"Clothing",NA,"one that prepares skins, a furrier","pellarius"
"436","pellarius","pellio","onis",NA,NA,"male","Petrikovits 1981a",7,76,"Clothing",NA,"one that prepares skins, a furrier","pellio"
"437","pellarius","pellionarius","i",NA,"pellionarius","male","Waltzing - Rome",7,76,"Clothing",NA,"one who prepared skins for the use of soldiers","pellionarius"
"438","peponarius","peponarius","i",NA,"peponarius","male","Waltzing - Rome",4,45,"Food-Retail",NA,"melon seller","peponarius"
"439","perfector","perfector","oris",NA,NA,"male","Petrikovits 1981a",NA,NA,"Unclassified",NA,"unclear","perfector"
"440","pernarius","pernarius","i",NA,NA,"male","Petrikovits 1981a",4,45,"Food-Retail",NA,"a ham-seller","pernarius"
"441","picarius","picarius","i",NA,NA,"male","Petrikovits 1981a",7,74,"Fuel / Raw material",NA,"pitch (resin) boiler","picarius"
"442","pigmentarius","pigmentarius","i",NA,"pigmentarius","male","Waltzing - Rome",4,43,"Retail",NA,"dye seller","pigmentarius"
"443","pincerna","pincerna","ae",NA,NA,"male","Petrikovits 1981a",5,53,"Miscellaneous Services",NA,"cupbearer","pincerna"
"444","pinctor","pictor","oris",NA,NA,"male","Petrikovits 1981a",1,16,"Plastic Arts",NA,"painter","pictor"
"445","pinctor","pinctor","oris",NA,NA,"male","Petrikovits 1981a",1,16,"Plastic Arts",NA,"painter","pinctor"
"446","piscator","piscator","oris",NA,"piscator","male","Waltzing - Rome",6,64,"Food-Production",NA,"a fisherman, fisher","piscator"
"447","piscicapus","piscicapus","i",NA,"piscicapus","male","Waltzing - provinces",6,64,"Food-Production",NA,"a fish-catcher","piscicapus"
"448","pistor","pistor","oris",NA,"pistor","male","Waltzing - Rome",6,61,"Food-Production",NA,"one who pounds corn in a mortar or grinds it in a hand-mill, a miller, a baker","pistor"
"449","pistor","pistur","uris",NA,NA,"male","Petrikovits 1981a",6,61,"Food-Production",NA,"one who pounds corn in a mortar or grinds it in a hand-mill, a miller, a baker","pistur"
"450","plaustrarius","plaustrarius","i",NA,NA,"male","Petrikovits 1981a",9,97,"Transport","Land transport","a vehicle for freight, wagon, wain, cart maker","plaustrarius"
"451","plaustrarius","plostrarius","i",NA,NA,"male","Petrikovits 1981a",9,97,"Transport","Land transport","a vehicle for freight, wagon, wain, cart maker","plostrarius"
"452","plombarius","plombarius","i",NA,NA,"male","Petrikovits 1981a",8,87,"Metal-Working",NA,"a plumber, lead worker","plombarius"
"453","plombarius","plumbarius","i",NA,NA,"male","Petrikovits 1981a",8,87,"Metal-Working",NA,"a plumber, lead worker","plumbarius"
"454","plumarius","plumarius","i",NA,"plumarius","male","Waltzing - Rome",7,79,"Household Goods",NA,"an embroiderer","plumarius"
"455","plutearius","plutearius","i",NA,NA,"male","Petrikovits 1981a",9,95,"Building",NA,"a maker of balustrades","plutearius"
"456","plutearius","plutiarius","i",NA,NA,"male","Petrikovits 1981a",9,95,"Building",NA,"a maker of balustrades","plutiarius"
"457","poeta","poeta","ae",NA,"poeta","male","Waltzing - Rome",1,17,"Performing Arts",NA,"a poet","poeta"
"458","polio","polio","onis",NA,NA,"male","Petrikovits 1981a",5,56,"Miscellaneous Services",NA,"a cultivator, improver, a polisher","polio"
"459","polio","politor","oris",NA,NA,"male","Petrikovits 1981a",5,56,"Miscellaneous Services",NA,"a cultivator, improver, a polisher","politor"
"460","polio","pollio","onis",NA,NA,"male","Petrikovits 1981a",5,56,"Miscellaneous Services",NA,"a cultivator, improver, a polisher","pollio"
"461","pollinctor","pollictor","oris",NA,NA,"male","Petrikovits 1981a",5,59,"Death-care sector",NA,"corpse washer and preparer","pollictor"
"462","pollinctor","pollinctor","oris",NA,NA,"male","Petrikovits 1981a",5,59,"Death-care sector",NA,"corpse washer and preparer","pollinctor"
"463","pomarius","pomarius","i",NA,"pomarius","male","Waltzing - provinces",4,45,"Food-Retail",NA,"of fruit, of fruittrees seller","pomarius"
"464","popinarius","popinarius","i",NA,NA,"male","Petrikovits 1981a",5,53,"Food-Retail",NA,"a cook-shop, eatinghouse, low tavern owner","popinarius"
"465","popinarius","popinator","oris",NA,NA,"male","Petrikovits 1981a",5,53,"Food-Retail",NA,"a cook-shop, eatinghouse, low tavern owner","popinator"
"466","porcinarius","porcinarius","i",NA,"porcinarius","male","Waltzing - Rome",6,62,"Food-Production",NA,"pig breader","porcinarius"
"467","possessor","possessor","oris",NA,"possessor","male","Waltzing - provinces",2,22,"Managerial",NA,"a possessor, owner","possessor"
"468","professor","professor","oris",NA,"professor","male","Waltzing - provinces",1,13,"Education",NA,"a public teacher","professor"
"469","promus","promus","i",NA,NA,"male","Petrikovits 1981a",5,53,"Miscellaneous Services",NA,"a cellarer, steward, butler","promus"
"470","propola","propola","ae",NA,"propola","male","Waltzing - provinces",4,45,"Retail",NA,"a forestaller, retailer, huckster","propola"
"471","psecas","psecas","adis",NA,NA,"female","Petrikovits 1981a",5,57,"Miscellaneous Services",NA,"a female slave who perfumed her mistress's hair","psecas"
"472","pugillariarius","pugillariarius","i",NA,NA,"male","Petrikovits 1981a",7,73,"Miscellaneous Services",NA,"maker of small writing boards","pugillariarius"
"473","purpurarius","purpurarius","i",NA,NA,"male","Petrikovits 1981a",7,75,"Clothing","Colour production","purple colour dyer","purpurarius"
"474","quadratatorius","quadratarius","i",NA,NA,"male","Petrikovits 1981a",9,95,"Building","Stone worker","stonemason","quadratarius"
"475","quadratatorius","quadratatorius","i",NA,NA,"male","Petrikovits 1981a",9,95,"Building","Stone worker","stonemason","quadratatorius"
"476","quadrigularius","quadrigularius","i",NA,NA,"male","Petrikovits 1981a",1,16,"Plastic Arts",NA,"a painter","quadrigularius"
"477","quasillaria","quasillaria","ae",NA,NA,"female","Petrikovits 1981a",7,75,"Clothing",NA,"a basketwench, spinning-girl","quasillaria"
"478","ratiarius","ratiarius","i",NA,"ratiarius","male","Waltzing - provinces",9,98,"Transport","Maritime/water transport","a raftsman, lighterman","ratiarius"
"479","redemptor","redemptor","oris",NA,NA,"male","Petrikovits 1981a",5,53,"Food-Production",NA,"a miller, bread-maker, baker","redemptor"
"480","refector pectinarius","refector pectinarius","oris",NA,"refector","male","Petrikovits 1981a",8,81,"Household Goods",NA,"a restorer, repairer of combs","refector pectinarius"
"481","resinaria","resinaria","ae",NA,NA,"female","Petrikovits 1981a",7,74,"Fuel / Raw material",NA,"female resin maker","resinaria"
"482","restiarius","restiarius","i",NA,NA,"male","Petrikovits 1981a",4,43,"Retail",NA,"A ropemaker, rope-seller","restiarius"
"483","restiarius","resticularius","i",NA,NA,"male","Petrikovits 1981a",4,43,"Retail",NA,"A ropemaker, rope-seller","resticularius"
"484","restiarius","restio","onis",NA,"restio","male","Waltzing - Rome",4,43,"Retail",NA,"A ropemaker, rope-seller","restio"
"485","retiarius","retiarius","i",NA,"retiarius","male","Waltzing - provinces",1,17,"Performing Arts",NA,"a gladiator who used a net to entangle his adversary, net-fighter","retiarius"
"486","rosarius","rosarius","i",NA,"rosarius","male","Waltzing - Rome",4,43,"Retail",NA,"seller of roses","rosarius"
"487","saburrarius","saburrarius","i",NA,"saburrarius","male","Waltzing - Rome",9,97,"Transport","Maritime/water transport","one who carries ballast to ships","saburrarius"
"488","saccarius","sacarius","i",NA,NA,"male","Petrikovits 1981a",9,97,"Transport","Land transport","one who carries sacks, sack maker","sacarius"
"489","saccarius","saccarius","i",NA,"saccarius","male","Waltzing - Rome",9,97,"Transport","Land transport","one who carries sacks, sack maker","saccarius"
"490","sacomarius","sacomarius","i",NA,NA,"male","Petrikovits 1981a",8,83,"Miscellaneous Services",NA,"one who makes counterpoises or weights ","sacomarius"
"491","sagarius","sagarius","i",NA,"sagarius","male","Waltzing - Rome",4,43,"Retail",NA,"a dealer in mantles","sagarius"
"492","sagittarius","sagittarius","i",NA,NA,"male","Petrikovits 1981a",8,83,"Metal-Working",NA,"arrow-makers, arrow-smiths","sagittarius"
"493","salarius","salarius","i",NA,"salarius","male","Waltzing - Rome",4,43,"Retail",NA,"salt maker, dealer","salarius"
"494","salgamarius","salgamarius","i",NA,NA,"male","Petrikovits 1981a",4,43,"Food-Production",NA,"one who makes or sells pickles","salgamarius"
"495","salinator","salinator","oris",NA,"salinator","male","Waltzing - provinces",4,45,"Food-Retail",NA,"a dealer in salt","salinator"
"496","salsamentarius","salsamentarius","i",NA,NA,"male","Petrikovits 1981a",4,45,"Food-Retail",NA,"a dealer in salted fish","salsamentarius"
"497","salsarius","salsarius","i",NA,NA,"male","EDH/EDCS",6,61,"Food-Production",NA,"salt-worker, uncertain","salsarius"
"498","sandaliarius","sandaliarius","i",NA,NA,"male","Petrikovits 1981a",8,80,"Clothing","Shoe maker","sandal, shoe maker","sandaliarius"
"499","sarcinator","sarcinator","oris",NA,NA,"male","Petrikovits 1981a",7,79,"Clothing",NA,"a patcher, botcher, mender of old garments","sarcinator"
"500","sarcinator","sarcitor","oris",NA,NA,"male","Petrikovits 1981a",7,79,"Clothing",NA,"a patcher, botcher, mender of old garments","sarcitor"
"501","sarcinatrix","sarcinatrix","icis",NA,NA,"female","Petrikovits 1981b",7,79,"Clothing",NA,"female patcher, botcher, mender of old garments","sarcinatrix"
"502","sarcinatrix","sartcitrix","icis",NA,NA,"female","Petrikovits 1981b",7,79,"Clothing",NA,"female patcher, botcher, mender of old garments","sartcitrix"
"503","sartor","sarsor","oris",NA,NA,"male","Petrikovits 1981a",6,61,"Miscellaneous Services",NA,"A hoer, weeder, cultivator","sarsor"
"504","sartor","sartor","oris",NA,NA,"male","Petrikovits 1981a",6,61,"Miscellaneous Services",NA,"A hoer, weeder, cultivator","sartor"
"505","sartor","sartur","uris",NA,NA,"male","Petrikovits 1981a",6,61,"Miscellaneous Services",NA,"A hoer, weeder, cultivator","sartur"
"506","scabillarius","scabillarius","i",NA,"scabillarius","male","Waltzing - Rome",9,99,"Miscellaneous Services",NA,"player of a footstool, cricket","scabillarius"
"507","scaenarius","scaenarius","i",NA,NA,"male","Petrikovits 1981a",1,16,"Plastic Arts",NA,"a painter","scaenarius"
"508","scaenicus","scaenicus","i",NA,"scaenicus","male","Waltzing - Rome",1,17,"Performing Arts",NA,"of the stage, scenic, dramatic, theatrical","scaenicus"
"509","scalarius","scalarius","i",NA,NA,"male","Petrikovits 1981a",9,95,"Building",NA,"step maker, ladder maker","scalarius"
"510","scalptor","scalptor","oris",NA,NA,"male","Petrikovits 1981a",1,16,"Plastic Arts",NA,"a cutter, graver in metal or stone","scalptor"
"511","scamillarius","scamillarius","i",NA,"scamillarius","male","Waltzing - provinces",9,99,"Miscellaneous Services",NA,"player of a footstool, cricket","scamillarius"
"512","scapharius","scapharius","i",NA,"scapharius","male","Waltzing - Rome",0,4,"Transport","Maritime/water transport","owner of a small boat","scapharius"
"513","scaurarius","scaurarius","i",NA,NA,"male","Petrikovits 1981a",7,72,"Metal-Working",NA,"slag worker","scaurarius"
"514","scholasticus","scholasticus","i",NA,"scholasticus","male","Waltzing - provinces",1,13,"Education",NA,"who teaches or studies rhetoric, a lecturer in the schools, a rhetorician","scholasticus"
"515","scissor","scissor","oris",NA,NA,"male","Petrikovits 1981a",8,82,"Building",NA,"a carver, kind of gladiator","scissor"
"516","scriba","scriba","ae",NA,"scriba","male","Waltzing - Rome",3,30,"Education",NA,"a public writer, official scribe, professional writer, clerk, secretary","scriba"
"517","scriptor","scriptor","oris",NA,"scriptor","male","Petrikovits 1981a",3,30,"Managerial",NA,"one who writes, a writer, scribe, copyist, clerk","scriptor"
"518","sculptor","sculptor","oris",NA,NA,"male","Petrikovits 1981a",1,16,"Plastic Arts",NA,"one who cuts, carves, or engraves in stone, wood","sculptor"
"519","sculptor","scultor","oris",NA,NA,"male","Petrikovits 1981a",1,16,"Plastic Arts",NA,"one who cuts, carves, or engraves in stone, wood","scultor"
"520","scutarius","scutarius","i",NA,NA,"male","Petrikovits 1981a",8,83,"Miscellaneous Services",NA,"shield maker","scutarius"
"521","sector","sector","oris",NA,"sector","male","Waltzing - Rome",8,82,"Building",NA,"one who cuts, a cutter","sector"
"522","segmentarius","segmentarius","i",NA,NA,"male","Petrikovits 1981a",8,88,"Metal-Working",NA,"trimmer with gold or seller","segmentarius"
"523","seplasiarius","seplasiarius","i",NA,NA,"male","Petrikovits 1981a",9,94,"Miscellaneous Services",NA,"anoitment maker and seller","seplasiarius"
"524","sericarius","sericarius","i",NA,NA,"male","Petrikovits 1981a",7,75,"Clothing",NA,"silk producer and dealer","sericarius"
"525","serrarius","serrarius","i",NA,"serrarius","male","Waltzing - provinces",8,82,"Building","Stone worker","stone-sawyer","serrarius"
"526","sessoriarius","sessoriarius","i",NA,NA,"male","Petrikovits 1981a",8,81,"Household Goods",NA,"armchair maker","sessoriarius"
"527","sigillarius","sigillariarius","i",NA,NA,"male","Petrikovits 1981a",8,89,"Household Goods",NA,"a potter","sigillariarius"
"528","sigillarius","sigillarius","i",NA,NA,"male","Petrikovits 1981a",8,89,"Household Goods",NA,"a potter","sigillarius"
"529","sigillarius","sigillator","oris",NA,NA,"male","Petrikovits 1981a",8,89,"Household Goods",NA,"a potter","sigillator"
"530","signarius","signarius","i",NA,NA,"male","Petrikovits 1981a",1,16,"Plastic Arts",NA,"a sculptor","signarius"
"531","signator","signator","oris",NA,NA,"male","Petrikovits 1981a",3,39,"Finance",NA,"one who stamps money, a coiner","signator"
"532","similaginarius","siliginarius","i",NA,NA,"male","Petrikovits 1981a",5,53,"Food-Production",NA,"wheat bread baker","siliginarius"
"533","similaginarius","similaginarius","i",NA,NA,"male","Petrikovits 1981a",5,53,"Food-Production",NA,"wheat bread baker","similaginarius"
"534","sindoniacus","sindiniacus","i",NA,NA,"male","Petrikovits 1981a",7,75,"Clothing",NA,"cotton stuff, muslin maker","sindiniacus"
"535","sindoniacus","sindoniacus","i",NA,"sindoniacus","male","Waltzing - provinces",7,75,"Clothing",NA,"cotton stuff, muslin maker","sindoniacus"
"536","sindoniacus","sintoniacus","i",NA,NA,"male","Petrikovits 1981a",7,75,"Clothing",NA,"cotton stuff, muslin maker","sintoniacus"
"537","siricarius","siricaria","ae",NA,NA,"male","Petrikovits 1981a",7,75,"Clothing",NA,"silk producer and dealer","siricaria"
"538","siricarius","siricarius","i",NA,NA,"male","Petrikovits 1981a",7,75,"Clothing",NA,"silk producer and dealer","siricarius"
"539","solearius","solatarius","i",NA,NA,"male","Petrikovits 1981a",8,80,"Clothing","Shoe maker","shoe maker","solatarius"
"540","solearius","solearius","i",NA,NA,"male","Petrikovits 1981a",8,80,"Clothing","Shoe maker","shoe maker","solearius"
"541","solearius","soliarius","i",NA,NA,"male","Petrikovits 1981a",8,80,"Clothing","Shoe maker","shoe maker","soliarius"
"542","spatharius","spatharius","i",NA,NA,"male","Petrikovits 1981a",8,83,"Metal-Working",NA,"a broad sword with a double edge, sabre maker","spatharius"
"543","specularius","speclariarius","i",NA,NA,"male","Petrikovits 1981a",8,89,"Glass-Working",NA,"a mirror-maker, window glass maker","speclariarius"
"544","specularius","speclarius","i",NA,NA,"male","Petrikovits 1981a",8,89,"Glass-Working",NA,"a mirror-maker, window glass maker","speclarius"
"545","specularius","speculariarius","i",NA,NA,"male","Petrikovits 1981a",8,89,"Glass-Working",NA,"a mirror-maker, window glass maker","speculariarius"
"546","specularius","specularius","i",NA,"specularius","male","Waltzing - Rome",8,89,"Glass-Working",NA,"a mirror-maker, window glass maker","specularius"
"547","statuarius","statuarius","i",NA,NA,"male","Petrikovits 1981a",1,16,"Plastic Arts",NA,"a maker of statues, a statuary ","statuarius"
"548","structor","sructor","oris",NA,NA,"male","Petrikovits 1981a",9,95,"Building","Wood worker","a builder, mason, carpenter","sructor"
"549","structor","structor","oris",NA,"structor","male","Waltzing - Rome",9,95,"Building","Wood worker","a builder, mason, carpenter","structor"
"550","stuppator","stuppator","oris",NA,NA,"male","Petrikovits 1981a",8,81,"Building","Wood worker","caulker, joiner","stuppator"
"551","suarius","suarius","i",NA,"suarius","male","Waltzing - Rome",6,62,"Food-Production",NA,"pig breader","suarius"
"552","subaedanus","subaedanus","i",NA,NA,"male","Petrikovits 1981b",5,54,"Miscellaneous Services",NA,"worker inside the house","subaedanus"
"553","subaedanus","subaedius","i",NA,NA,"male","Petrikovits 1981a",5,54,"Miscellaneous Services",NA,"worker inside the house","subaedius"
"554","subaedanus","subedius","i",NA,NA,"male","Petrikovits 1981a",5,54,"Miscellaneous Services",NA,"worker inside the house","subedius"
"555","subaedianus","subaedianus","i",NA,"subaedianus","male","Waltzing - Rome",9,95,"Building","Wood worker","carpenter ?","subaedianus"
"556","subaedianus","subidianus","i",NA,"subidianus","male","Waltzing - provinces",9,95,"Building","Wood worker","carpenter ?","subidianus"
"557","subrutor","subrutor","oris",NA,"subrutor","male","Waltzing - Rome",9,99,"Building",NA,"demolisher","subrutor"
"558","suppostor","suppostor","oris",NA,NA,"male","Petrikovits 1981a",3,31,"Finance",NA,"coin maker","suppostor"
"559","susceptor","susceptor","oris",NA,"susceptor","male","Waltzing - Rome",9,99,"Miscellaneous Services",NA,"one who undertakes any thing, contractor","susceptor"
"560","sutor","sutor","oris",NA,"sutor","male","Waltzing - Rome",8,80,"Clothing","Shoe maker","a shoemaker, cobbler","sutor"
"561","tabernacularius","tabernaclarius","i",NA,NA,"male","Petrikovits 1981a",7,79,"Miscellaneous Services",NA,"tent maker","tabernaclarius"
"562","tabernacularius","tabernacularius","i",NA,NA,"male","Petrikovits 1981a",7,79,"Miscellaneous Services",NA,"tent maker","tabernacularius"
"563","tabernarius","tabernarius","i",NA,"tabernarius","male","Waltzing - Rome",4,45,"Retail",NA,"shopkeepers, small dealers","tabernarius"
"564","tector","tector","oris",NA,"tector","male","Waltzing - provinces",9,95,"Building",NA,"one that overlays walls with plaster, stucco, etc., a plasterer, pargeter","tector"
"565","tegularius","tegularius","i",NA,NA,"male","Petrikovits 1981a",9,95,"Building",NA,"a tile, roof-tile maker","tegularius"
"566","tessalarius","tessalarius","i",NA,NA,"male","Petrikovits 1981a",1,16,"Plastic Arts",NA,"mosaicer, maker of mosaic","tessalarius"
"567","tessalarius","tesselator","oris",NA,NA,"male","Petrikovits 1981a",1,16,"Plastic Arts",NA,"mosaicer, maker of mosaic","tesselator"
"568","tessalarius","tessellarius","i",NA,NA,"male","Petrikovits 1981a",1,16,"Plastic Arts",NA,"mosaicer, maker of mosaic","tessellarius"
"569","testarius","testarius","i",NA,NA,"male","Petrikovits 1981a",9,95,"Building",NA,"tile, brick maker","testarius"
"570","textor","textor","oris",NA,NA,"male","Petrikovits 1981a",7,75,"Clothing",NA,"weaver","textor"
"571","textrix","textrix","icis",NA,NA,"female","Petrikovits 1981a",7,75,"Clothing",NA,"female weaver","textrix"
"572","tibiarius","tibiarius","i",NA,NA,"male","Petrikovits 1981a",9,95,"Transport","Maritime/water transport","fleet manufacturer, ship maker","tibiarius"
"573","tibicinus","tibicinus","i",NA,"tibicinus","male","Waltzing - Rome",1,17,"Performing Arts",NA,"flute player","tibicinus"
"574","tignarius","ticnarius","i",NA,NA,"male","Petrikovits 1981a",9,95,"Building","Wood worker","carpenter","ticnarius"
"575","tignarius","tignarius","i",NA,"tignarius","male","Waltzing - provinces",9,95,"Building","Wood worker","carpenter","tignarius"
"576","tignarius","tignor","oris",NA,NA,"male","Petrikovits 1981a",9,95,"Building","Wood worker","carpenter","tignor"
"577","tignarius","tignuarius","i",NA,NA,"male","Petrikovits 1981a",9,95,"Building","Wood worker","carpenter","tignuarius"
"578","tinctor","tinctor","oris",NA,"tinctor","male","Waltzing - Rome",7,75,"Clothing","Colour production","a dyer","tinctor"
"579","tonsor","tonsor","oris",NA,"tonsor","male","Waltzing - Rome",5,57,"Miscellaneous Services",NA,"a shearer, clipper, shaver, hair-cutter, barber","tonsor"
"580","tonsor","tosor","oris",NA,NA,"male","Petrikovits 1981a",5,57,"Miscellaneous Services",NA,"hairdresser and shearers","tosor"
"581","tonsor","tussor","oris",NA,NA,"male","Petrikovits 1981a",5,57,"Miscellaneous Services",NA,"hairdresser and shearers","tussor"
"582","tonstrix","tonstrix","icis",NA,NA,"female","Petrikovits 1981a",5,55,"Miscellaneous Services",NA,"female hairdresser and shearers","tonstrix"
"583","tonstrix","tostrix","icis",NA,NA,"female","Petrikovits 1981a",5,57,"Miscellaneous Services",NA,"female hairdresser and shearers","tostrix"
"584","topiarius","topiarius","i",NA,NA,"male","Petrikovits 1981a",5,55,"Miscellaneous Services",NA,"gardener, landscaper","topiarius"
"585","tosillaria","tonsillaria","ae",NA,NA,"female","Petrikovits 1981a",5,57,"Miscellaneous Services",NA,"female hairdresser","tonsillaria"
"586","tosillaria","tosillaria","ae",NA,NA,"female","Petrikovits 1981a",5,57,"Miscellaneous Services",NA,"female hairdresser","tosillaria"
"587","tractator","tractator","oris",NA,NA,"male","Petrikovits 1981a",0,6,"Miscellaneous Services",NA,"A slave among the Romans, who manipulated and suppled his master's limbs while anointing them; a shampooer","tractator"
"588","transvectuarius","transvectuarius","i",NA,"transvectuarius","male","Waltzing - provinces",0,4,"Transport","Maritime/water transport","ship owner","transvectuarius"
"589","trapezita","trapezita","ae",NA,"trapezita","male","Waltzing - provinces",3,33,"Finance",NA,"a money-changer","trapezita"
"590","tubarius","tubarius","i",NA,NA,"male","Petrikovits 1981a",8,83,"Miscellaneous Services","Military","a trumpet, war-trumpet maker and distributor","tubarius"
"591","tubularius","tubularius","i",NA,NA,"male","Petrikovits 1981a",8,87,"Water-Management",NA,"pipe maker","tubularius"
"592","unctor","uctor","oris",NA,NA,"male","Petrikovits 1981a",5,57,"Miscellaneous Services",NA,"an anointer","uctor"
"593","unctor","unctor","oris",NA,"unctor","male","Waltzing - Rome",5,57,"Miscellaneous Services",NA,"an anointer","unctor"
"594","unctrix","unctrix","icis",NA,NA,"female","Petrikovits 1981a",5,57,"Miscellaneous Services",NA,"female perfume or ointment maker","unctrix"
"595","unguentarius","ungnetarius","i",NA,NA,"male","Petrikovits 1981a",5,57,"Miscellaneous Services",NA,"perfume or ointment maker","ungnetarius"
"596","unguentarius","unguentarius","i",NA,NA,"male","Petrikovits 1981a",5,57,"Miscellaneous Services",NA,"perfume or ointment maker","unguentarius"
"597","urinator","urinator","oris",NA,"urinator","male","Waltzing - Rome",6,64,"Food-Production",NA,"a fisherman","urinator"
"598","ustor","ustor","oris",NA,NA,"male","Petrikovits 1981a",5,59,"Death-care sector",NA,"mortician","ustor"
"599","utricularius","utriclarius","i",NA,"utriclarius","male","Waltzing - provinces",0,4,"Transport","Maritime/water transport","a bagpiper, The master of a raft floated on bladders, used for ferriage","utriclarius"
"600","utricularius","utricularius","i",NA,"utricularius","male","Waltzing - provinces",0,4,"Transport","Maritime/water transport","a bagpiper, The master of a raft floated on bladders, used for ferriage","utricularius"
"601","vascularius","vasclarius","i",NA,NA,"male","Petrikovits 1981a",8,88,"Metal-Working",NA,"a worker in metals, whitesmith, goldsmith","vasclarius"
"602","vascularius","vascularius","i",NA,"vascularius","male","Waltzing - Rome",8,88,"Metal-Working",NA,"a worker in metals, whitesmith, goldsmith","vascularius"
"603","vector","vector","oris",NA,"vector","male","Waltzing - Rome",9,97,"Transport","Land transport","one who bears, a bearer, carrier","vector"
"604","venator","venator","oris",NA,"venator","male","Waltzing - Rome",6,64,"Miscellaneous Services",NA,"a hunter","venator"
"605","vestiarius","vestiarius","i",NA,"vestiarius","male","Waltzing - Rome",4,43,"Retail",NA,"a clothes-dealer","vestiarius"
"606","vestifex","vestifex","icis",NA,NA,"male","Petrikovits 1981a",7,79,"Clothing",NA,"tailor","vestifex"
"607","vestifex","vestificus","i",NA,NA,"male","Petrikovits 1981a",7,79,"Clothing",NA,"tailor","vestificus"
"608","vestiplex","vestiplex","icis",NA,NA,"male","Petrikovits 1981a",7,79,"Clothing",NA,"a clothes-folder","vestiplex"
"609","vestiplex","vestiplicus","i",NA,NA,"male","Petrikovits 1981a",7,79,"Clothing",NA,"a clothes-folder","vestiplicus"
"610","vestitor","vestitor","oris",NA,NA,"male","Petrikovits 1981a",7,79,"Clothing",NA,"tailor","vestitor"
"611","veterarius","veterarius","i",NA,NA,"male","Petrikovits 1981a",9,99,"Miscellaneous Services",NA,"fixer of old things","veterarius"
"612","vexillarius","vexillarius","i",NA,"vexillarius","male","Waltzing - provinces",8,83,"Miscellaneous Services","Military","a standard-bearer, maker","vexillarius"
"613","vietor","vietor","oris",NA,NA,"male","Petrikovits 1981a",8,81,"Household Goods",NA,"basket weaver","vietor"
"614","vietor","vitor","oris",NA,NA,"male","Petrikovits 1981a",8,81,"Household Goods",NA,"basket weaver","vitor"
"615","viminarius","viminarius","i",NA,NA,"male","Petrikovits 1981a",8,81,"Household Goods",NA,"weaver","viminarius"
"616","vinarius","vinariarius","i",NA,"vinariarius","male","Waltzing - Rome",4,43,"Food-Retail",NA,"a wine - dealer","vinariarius"
"617","vinarius","vinarius","i",NA,"vinarius","male","Waltzing - provinces",4,43,"Food-Retail",NA,"a wine-dealer, vintner","vinarius"
"618","violarius","violarius","i",NA,"violarius","male","Waltzing - Rome",7,75,"Clothing","Colour production","a dyer of violet color","violarius"
"619","viridarius","viridarius","i",NA,NA,"male","Petrikovits 1981a",5,55,"Miscellaneous Services",NA,"gardener","viridarius"
"620","vitrarius","vitrarius","i",NA,NA,"male","Petrikovits 1981b",8,89,"Glass-Working",NA,"glass manufacturer","vitrarius"
"621","vitrarius","vitrearius","i",NA,NA,"male","Petrikovits 1981a",8,89,"Glass-Working",NA,"glass manufacturer","vitrearius"
"622","vitrarius","vitriarius","i",NA,NA,"male","Petrikovits 1981a",8,89,"Glass-Working",NA,"glass manufacturer","vitriarius"
