Term;gen_sg;Term2;Vocab_nom_sg;gender;Source;HISCO_majorgroup;HISCO_minorgroup;Harris_Category;Subcategory;Translation_eng
abetarius;i;;;male;Petrikovits 1981a;8;81;Building;Wood worker;a joiner, wood worker
abietarius;i;;;male;Petrikovits 1981a;8;81;Building;Wood worker;a joiner, wood worker
acceptor;oris;;acceptor;male;Waltzing - Rome;3;31;Finance;;collector, gold quality checker
accomodator;oris;;;male;Petrikovits 1981a;9;99;Unclassified;;uncertain, craftsman
aceptor;oris;;;male;Petrikovits 1981a;3;31;Finance;;collector, gold quality checker
aciarius;i;;aciarius;male;EDH/EDCS;7;75;Clothing;;thread maker, textile worker
aciscularius;i;;;male;Petrikovits 1981a;9;95;Building;;craftsman, working with small axe
acuarius;i;;;male;Petrikovits 1981a;8;83;Metal-Working;;manufacturer or seller of needles
acuclarius;i;;;male;Petrikovits 1981a;8;83;Metal-Working;;manufacturer or seller of needles
acucularius;i;;;male;Petrikovits 1981b;8;83;Metal-Working;;manufacturer or seller of a small pin for a head-dress
acutarius;i;;;male;Petrikovits 1981a;8;83;Metal-Working;;manufacturer or seller of a pointy objects
acutiator;oris;;;male;Petrikovits 1981a;6;61;Food-Production;;grindworker, grindmaster
adplumbator;oris;;;male;Petrikovits 1981a;7;72;Metal-Working;;lead worker, solder
adulterator;oris;;;male;Petrikovits 1981a;3;39;Finance;;coin counterfeiter
aedifex;icis;;;male;Petrikovits 1981a;0;2;Building;;builder
aedificator;oris;;;male;Petrikovits 1981a;0;2;Building;;builder, architect
aeneator;oris;;aeneator;male;Waltzing - Rome;1;17;Performing Arts;;"musician, one who blows a horn in war
"
aequator monetae;oris;;aequator;male;Petrikovits 1981a;3;31;Finance;;one who, in the coining of money, examines the equality of its weight, an assizer
aerarius;i;;aerarius;male;Waltzing - Rome;8;83;Metal-Working;;metal worker
agricola;ae;;agricola;male;Petra's addition;6;62;Food-Production;;a husbandman, agriculturist, ploughman, farmer, peasant
agrimensor;oris;;;male;Petrikovits 1981a;0;2;Miscellaneous Services;;a landsurveyor
agrimesor;oris;;;male;Petrikovits 1981a;0;2;Miscellaneous Services;;a landsurveyor
albarius;i;;;male;Petrikovits 1981a;9;95;Building;;worker in stucco, a plasterer
alicarius;i;;;male;Petrikovits 1981a;6;61;Food-Production;;one who grinds spelt
allecarius;i;;;male;EDH/EDCS;6;64;Food-Production;;salt-fish maker and seller
aluminarius;i;;;male;Petrikovits 1981a;7;71;Fuel / Raw material;;worker or seller or alum (mineral)
ampullarius;i;;;male;Petrikovits 1981a;8;89;Household Goods;;manufacturer of ampullae (small vessels from glass and leather)
anabolicarius;i;;anabolicarius;male;Waltzing - Rome;9;98;Transport;Maritime/water transport;one day sailor
anaglitarius;i;;;male;Petrikovits 1981b;1;16;Plastic Arts;;relief maker, carver
anaglypharius;i;;;male;Petrikovits 1981b;1;16;Plastic Arts;;relief maker, carver
anaglyptarius;i;;;male;Petrikovits 1981a;1;16;Plastic Arts;;relief maker, carver
anellarius;i;;;male;Petrikovits 1981b;8;88;Metal-Working;;ring maker
annellarius;i;;;male;Petrikovits 1981a;8;88;Metal-Working;;ring maker
annonarius;i;;annonarius;male;Waltzing - provinces;3;30;Managerial;;of or pertaining to provisions
anularius;i;;anularius;male;Waltzing - Rome;8;88;Metal-Working;;maker of rings
apothecarius;i;;apothecarius;male;Waltzing - Rome;4;43;Retail;;a warehouseman
apparator;oris;;apparator;male;Waltzing - Rome;9;99;Miscellaneous Services;;one that prepares
applumbator;oris;;;male;Petrikovits 1981a;7;72;Metal-Working;;lead worker, solder
aquarius;i;;aquarius;male;Waltzing - provinces;9;95;Water-Management;;fountain worker, of water, watery, water carrier
aquator;oris;;aquator;male;Waltzing - provinces;9;97;Water-Management;;a water-carrier
arcarius;i;;;male;Petrikovits 1981a;3;31;Finance;;treasurer, a controller of public revenues
archimagirus;i;;;male;Petrikovits 1981a;5;53;Food-Production;;chef
architecton;nis;;;male;Petrikovits 1981a;0;2;Building;;a masterbuilder, architect
architectus;i;;;male;Petrikovits 1981a;0;2;Building;;a master-builder, architect
arcuarius;i;;;male;Petrikovits 1981a;3;31;Finance;;treasurer, a controller of public revenues
arcularius;i;;;male;Petrikovits 1981a;8;81;Household Goods;;one that makes little boxes, chests
arecarius;i;;arecarius;male;Waltzing - provinces;0;4;Transport;Maritime/water transport;small boat owner
arenarius;i;;arenarius;male;Waltzing - provinces;1;17;Performing Arts;;harenarius, combatant in the amphitheatre, a gladiator
argentarius;i;;argentarius;male;Waltzing - Rome;8;88;Metal-Working;;jewellery maker, banker
armamentarius;i;;;male;Petrikovits 1981a;5;58;Miscellaneous Services;Military;an arsenal provider, armory keeper
armamintarius;i;;;male;Petrikovits 1981a;5;58;Miscellaneous Services;Military;an arsenal provider, armory keeper
armariarius;i;;;male;Petrikovits 1981a;8;81;Household Goods;;cabinet maker
armilarius;i;;;male;Petrikovits 1981a;8;88;Metal-Working;;bracelet maker, armilla - bracelet
armillarius;i;;;male;Petrikovits 1981b;8;88;Metal-Working;;bracelet maker
aromatarius;i;;aromatarius;male;Waltzing - Rome;4;43;Retail;;seller of perfumes, spices
artefex;icis;;;male;Petrikovits 1981a;1;16;Plastic Arts;;One that is master in the liberal arts,an artist, artificer
artifex;icis;;;male;Petrikovits 1981a;1;16;Plastic Arts;;One that is master in the liberal arts,an artist, artificer
asinarius;i;;asinarius;male;Waltzing - provinces;9;97;Transport;Land transport;a keeper of asses, an ass-driver
assator;oris;;;male;Petrikovits 1981a;5;53;Food-Production;;cooker
athleta;ae;;athleta;male;Waltzing - provinces;1;17;Performing Arts;;a wrestler, athlete, combatant in public games
aulopoios;i;;;male;Petrikovits 1981a;1;16;Plastic Arts;;maker of aulos, Greek musical instrument
aupiciarius;i;;;male;Petrikovits 1981a;9;98;Transport;;uncertain, related to boat
aurarius;i;;aurarius;male;Waltzing - provinces;7;71;Metal-Working;;gold-mine worker
aurator;oris;;;male;Petrikovits 1981a;8;88;Metal-Working;;gilder
auricaesor;oris;;;male;Petrikovits 1981a;8;88;Metal-Working;;manufacturer of sheet gold
auricoctor;oris;;;male;Petrikovits 1981a;7;72;Metal-Working;;he that melts or refines gold
aurifaber;ri;;;male;Petrikovits 1981b;8;88;Metal-Working;;goldsmith
aurifex;icis;;aurifex;male;Waltzing - Rome;8;88;Metal-Working;;goldsmith
aurificus;i;;;male;Petrikovits 1981a;8;88;Metal-Working;;goldworker, goldsmith
aurifossor;oris;;;male;Petrikovits 1981a;7;71;Metal-Working;;gold digger
aurufex;icis;;;male;Petrikovits 1981a;8;88;Metal-Working;;goldworker, goldsmith
automatarius;i;;;male;Petrikovits 1981a;9;99;Miscellaneous Services;;a maker of automata
axearius;i;;;male;Petrikovits 1981a;8;82;Building;;uncertain, board-cutter
baiulius;i;;baiulius;male;Waltzing - Rome;9;97;Transport;Land transport;a porter, carrier
ballistarius;i;;;male;Petrikovits 1981a;0;2;Miscellaneous Services;Military;manufacturer of ballistae, an engine for hurling
ballistrarius;i;;;male;Petrikovits 1981a;0;2;Miscellaneous Services;Military;manufacturer of ballistae, an engine for hurling
baltearius;i;;;male;Petrikovits 1981a;8;83;Miscellaneous Services;;a maker or master of sword-belts
barbaricarius;i;;;male;Petrikovist 1981b;7;75;Clothing;;textile worker
barbaricas;atis;;;male;Petrikovits 1981a;7;75;Clothing;;textile worker
bastagarius;i;;bastagarius;male;Waltzing - provinces;8;80;Clothing;;a baggage-master
baxearius;i;;;male;Petrikovits 1981a;8;80;Clothing;Shoe maker;sandal-maker
baxiarius;i;;;male;Petrikovits 1981a;8;80;Clothing;Shoe maker;sandal-maker
biroigallus;i;;;male;Petrikovits 1981a;;;Unclassified;;uncertain
blattiarius;i;;;male;Petrikovits 1981a;7;75;Clothing;Colour production;manufacturer of purpur
boarius;i;;boarius;male;Waltzing - Rome;6;62;Food-Production;;cattle breader
botularius;i;;;male;Petrikovits 1981a;5;53;Food-Production;;manufacturer of sausages
bracarius;i;;;male;Petrikovits 1981a;7;79;Clothing;;manufacturer of trousers
braccarius;i;;;male;Petrikovits 1981a;7;79;Clothing;;manufacturer of trousers
bractearius;i;;;male;Petrikovits 1981a;8;88;Metal-Working;;goldsheet maker, worker
bracteator;oris;;;male;Petrikovits 1981a;8;88;Metal-Working;;goldsheet maker, worker
brattearius;i;;;male;Petrikovits 1981a;8;88;Metal-Working;;goldsheet maker, worker
brattiarius;i;;;male;Petrikovits 1981a;8;88;Metal-Working;;goldsheet maker, worker
bucaeda;ae;;;male;Petrikovits 1981a;5;53;Food-Production;;beef butcher
buccularius;i;;;male;Petrikovits 1981a;8;83;Metal-Working;;maker of helmet flaps
bucida;ae;;;male;Petrikovits 1981a;5;53;Food-Production;;beef butcher
budinarius;i;;;male;Petrikovits 1981a;8;81;Household Goods;;reed weaver
burrarius;i;;;male;Petrikovits 1981a;9;99;Unclassified;;uncertain, unspecified worker
bustuarius;i;;;male;Petrikovits 1981a;5;59;Death-care sector;;cremator
cabator;oris;;;male;Petrikovits 1981a;8;83;Miscellaneous Services;;engraver, maker of hollow spaces
cabidarius;i;;;male;Petrikovits 1981a;8;83;Household Goods;;uncertain, cup maker
caelator;oris;;;male;Petrikovits 1981a;1;16;Plastic Arts;;relief maker, carver
caementarius;i;;;male;Petrikovits 1981a;9;95;Building;Stone worker;mason
caesor;oris;;;male;Petrikovits 1981a;9;95;Building;Stone worker;stone mason
calcarensis;ensis;;;male;Petrikovits 1981a;7;74;Building;Stone worker;a limeburner
calcariensis;ensis;;calcariensis;male;Waltzing - Rome;7;74;Building;Stone worker;a limeburner
calcarius;i;;;male;Petrikovits 1981a;7;71;Building;Stone worker;limestone quarry worker
calcearius;i;;;male;Petrikovits 1981a;7;71;Building;Stone worker;limestone quarry worker
calceator;oris;;;male;Petrikovits 1981a;8;80;Clothing;Shoe maker;a shoemaker
calceolarius;i;;;male;Petrikovits 1981a;8;80;Clothing;Shoe maker;a shoemaker
calciamentarius;i;;;male;Petrikovits 1981a;8;80;Clothing;Shoe maker;a shoemaker
calciator;oris;;;male;Petrikovits 1981a;8;80;Clothing;Shoe maker;a shoemaker
calcis coctor;oris;;coctor;male;Waltzing - Rome;7;74;Building;Stone worker;limeburner
calegarius;i;;;male;Petrikovits 1981a;8;80;Clothing;Shoe maker;a shoemaker
caligarius;i;;caligarius;male;Waltzing - Rome;8;80;Clothing;Shoe maker;a shoemaker
camararius;i;;;male;Petrikovits 1981a;9;95;Building;;vault building worker
camarius;i;;;male;Petrikovits 1981a;9;95;Building;;vault building worker
canalicularius;i;;;male;Petrikovits 1981a;9;95;Water-Management;;canal constructor, specialized worker
candelabrarius;i;;;male;Petrikovits 1981a;8;83;Metal-Working;;manufacturer of candelabra, lamp-stand
candidarius;i;;;male;Petrikovits 1981a;5;53;Food-Production;;a baker
candidator;oris;;;male;Petrikovits 1981a;7;79;Clothing;;uncertain, textile washer
canephorus;i;;canephorus;male;Waltzing;9;97;Transport;Land transport;that bears a basket
capidarius;i;;;male;Petrikovits 1981a;8;83;Household Goods;;uncertain, cup maker
capistrarius;i;;;male;Petrikovits 1981a;8;80;Household Goods;;a halter-maker
caplator;oris;;caplator;male;Waltzing - provinces;9;97;Transport;;oil transporter
capsarius;i;;;male;Petrikovits 1981a;0;6;Miscellaneous Services;;healing asssitant, producer of capsae (a repository, box, bookcase)
capulator;oris;;capulator;male;Waltzing - Rome;5;53;Miscellaneous Services;;decanter
carbonarius;i;;;male;Petrikovits 1981a;7;71;Fuel / Raw material;;coal handler, worker, miner
carbonarus;i;;;male;Petrikovits 1981a;7;71;Fuel / Raw material;;coal handler, worker, miner
carinarius;i;;;male;Petrikovits 1981a;7;75;Clothing;Colour production;he who colors wax-color, a dyer of yellow
caritor;oris;;;male;Petrikovits 1981a;7;75;Clothing;;wool worker
carminator;oris;;;male;Petrikovits 1981a;7;75;Clothing;;a carder, practitioner of carding, a method of preparing wool for use as a textile
carnarius;i;;;male;Petrikovits 1981a;5;53;Food-Production;;butcher, meat worker, of or belonging to flesh
carpentarius;i;;;male;Petrikovits 1981b;9;95;Transport;Land transport;a wheelwright
carrarius;i;;;male;Petrikovits 1981a;9;95;Transport;Land transport;a wheelwright, cart maker
carrocarpentarius;i;;;male;Petrikovits 1981a;9;95;Transport;Land transport;a wheelwright
cartharius;i;;;male;Petrikovits 1981a;9;91;Miscellaneous Services;;papyrus maker
cassidarius;i;;;male;Petrikovits 1981a;8;83;Metal-Working;;a helmet smith
catabolensis;ensis;;catabolensis;male;Waltzing - Rome;9;97;Transport;Land transport;a class of carriers who transport burdens by means of draught animals, a kind of muleteers
caudicarius;i;;caudicarius;male;Waltzing - Rome;9;98;Transport;Maritime/water transport;those who sail on such ships (esp. those who brought the corn from Ostia to Rome)
caupo;onis;;;male;Petrikovits 1981a;4;43;Retail;;a petty tradesman, huckster, innkeeper
cauponarius;i;;cauponarius;male;Waltzing - Rome;5;51;Food-Retail;;tavern keeper
cavator;oris;;;male;Petrikovits 1981a;8;82;Miscellaneous Services;;engraver, maker of hollow spaces
cavidarius;i;;;male;Petrikovits 1981a;8;83;Household Goods;;uncertain, cup maker
cellararius;i;;;male;Petrikovits 1981a;5;55;Household Goods;;one who keeps provisions, a steward, butler
cellariarius;i;;;male;Petrikovits 1981b;5;55;Household Goods;;one who keeps provisions, a steward, butler
cellaricarius;i;;;male;Petrikovits 1981a;5;55;Household Goods;;one who keeps provisions, a steward, butler
cellarius;i;;;male;Petrikovits 1981a;5;55;Household Goods;;one who keeps provisions, a steward, butler
cellio;onis;;;male;Petrikovits 1981a;5;55;Household Goods;;one who keeps provisions, a steward, butler
cementarius;i;;;male;Petrikovits 1981a;9;95;Building;Stone worker;mason
centonarius;i;;centonarius;male;Waltzing - Rome;7;79;Clothing;;a maker of patchwork, a dealer in rags
cerarius;i;;;male;Petrikovits 1981a;7;77;Household Goods;;manufacturer of wax products
cerdo;onis;;;male;Petrikovits 1981a;9;94;Miscellaneous Services;;a handicraftsman
cerearius;i;;;male;Petrikovits 1981a;5;53;Unclassified;;uncertain worker, maybe baker
ceriolarius;i;;;male;Petrikovits 1981a;7;77;Household Goods;;wax candles manufacturer
ceromatita;ae;;;male;Petrikovits 1981a;5;57;Miscellaneous Services;;masseur, trainer
cervesarius;i;;;male;Petrikovits 1981a;5;53;Food-Production;;beermaker, brewer
cesor;oris;;;male;Petrikovits 1981a;9;95;Building;Stone worker;stone mason
characteraria;ae;;;male;Petrikovits 1981a;9;99;Unclassified;;uncertain, marker maker or letter maker
chartarius;i;;;male;Petrikovits 1981a;9;91;Miscellaneous Services;;papyrus maker
chorographarius;i;;;male;Petrikovits 1981a;0;2;Miscellaneous Services;;map maker, geograph
chorographus;i;;;male;Petrikovits 1981a;0;2;Miscellaneous Services;;cartograph, map maker
ciliciarius;i;;;male;Petrikovits 1981a;7;76;Household Goods;;maker of hair carpets
circitor;oris;;circitor;male;Waltzing - provinces;2;22;Managerial;;A watchman, overseer, supervisor
circumitor;oris;;;male;Petrikovits 1981a;2;22;Managerial;;A watchman, overseer, supervisor
cisianus;i;;;male;Petrikovits 1981a;9;95;Transport;;uncertain, the maker / driver of a cabriolet
cisiarius;i;;cisiarius;male;Waltzing - Rome;9;95;Transport;Land transport;The maker / driver of a cabriolet
citrarius;i;;citrarius;male;Waltzing - Rome;8;81;Household Goods;;maker of furniture out of citrus trees
citratius;i;;;male;Petrikovits 1981a;4;43;Retail;;producer and seller of citrus wood products
claharus;i;;;male;Petrikovits 1981a;8;83;Metal-Working;;nail maker
clastrarius;i;;;male;Petrikovits 1981a;8;83;Household Goods;;lock maker and seller
claustrarius;i;;;male;Petrikovits 1981a;8;83;Household Goods;;lock maker and seller
clavarius;i;;;male;Petrikovits 1981a;8;83;Metal-Working;;nail maker
clavicarius;i;;;male;Petrikovits 1981a;8;83;Metal-Working;;locksmith
claviclarius;i;;;male;Petrikovits 1981a;8;83;Metal-Working;;A bar, bolt of the door maker, or guardian of a prison
clavicularius;i;;;male;Petrikovits 1981a;8;83;Metal-Working;;A bar, bolt of the door maker, or guardian of a prison
clepsydrarius;i;;;male;Petrikovits 1981a;9;94;Miscellaneous Services;;a maker of water-clocks
clibanarius;i;;clibanarius;male;Waltzing - provinces;5;53;Food-Production;;a soldier clad in mail, a cuirassier, baker
cloacarius;i;;;male;Petrikovits 1981a;9;95;Water-Management;;canal worker
clostrarius;i;;;male;Petrikovits 1981a;8;83;Household Goods;;lock maker and seller
clusor;oris;;;male;Petrikovits 1981a;9;99;Unclassified;;uncertain, one who encloses or encompasses
coactarius;i;;;male;Petrikovits 1981a;7;75;Clothing;;felt maker
coactiliarius;i;;;male;Petrikovits 1981a;7;75;Clothing;;felt maker
coactor;oris;;;male;Petrikovits 1981a;7;75;Clothing;;felt producer or seller
coator;oris;;;male;Petrikovits 1981a;7;75;Clothing;;felt producer or seller
coctarius;i;;;male;Petrikovits 1981a;5;53;Food-Production;;a cook
coctiliarius;i;;;male;Petrikovits 1981a;9;95;Building;;burnt brick-maker
coctor;oris;;coctor;male;Waltzing - Rome;5;53;Food-Production;;a cook, master distiller
coctuarius;i;;;male;Petrikovits 1981a;5;53;Food-Production;;a cook
cocus;i;;;male;Petrikovits 1981a;5;53;Food-Production;;a cook 
codicarius;i;;codicarius;male;Waltzing - Rome;9;98;Transport;Maritime/water transport;those who sail on such ships (esp. those who brought the corn from Ostia to Rome)
collectiarius;i;;collectiarius;male;Waltzing - Rome;3;33;Finance;;money-changer
colorator;oris;;;male;Petrikovits 1981a;7;75;Clothing;Colour production;dyer, colormaker, painter
columnarius;i;;;male;Petrikovits 1981a;9;95;Building;;column manufacturer
conchylegulus;i;;;male;Petrikovits 1981a;7;75;Clothing;Colour production;a collector of purpur shell-fish
conchyliarius;i;;;male;Petrikovits 1981a;7;75;Clothing;Colour production;a collector of purpur shell-fish
conchyliolegulus;i;;conchyliolegulus;male;Waltzing - provinces;7;75;Clothing;Colour production;a collector of purpur shell-fish
condeatis;is;;;male;Waltzing - provinces;0;4;Transport;Maritime/water transport;small boat owner
conditarius;i;;;male;Petrikovits 1981a;5;53;Food-Production;;fine cook, foor preparer
conditor;oris;;;male;Petrikovits 1981a;5;53;Food-Production;;cook, a seasoner, pickler
confector;oris;;;male;Petrikovits 1981a;7;76;Miscellaneous Services;;an accomplisher, finisher, a tanner
confectorarius;i;;confectorarius;male;Waltzing - Rome;5;53;Food-Production;;a butcher
confectuarius;i;;;male;Petrikovits 1981a;5;53;Food-Production;;a butcher
conflator;oris;;;male;Petrikovits 1981a;8;83;Metal-Working;;a metal-caster
conquiliarius;i;;;male;Petrikovits 1981a;7;75;Clothing;Colour production;a collector of purpur shell-fish
consutor;oris;;;male;Petrikovits 1981a;8;82;Building;;joiner, fixer, trimmer
copiata;ae;;copiata;male;Waltzing - Rome;5;59;Death-care sector;;a grave-digger, sexton
copo;onis;;;male;Petrikovits 1981a;5;51;Miscellaneous Services;;innkeeper
coquus;i;;coquus;male;Waltzing - Rome;5;53;Food-Production;;cook
corarianus;i;;;male;Petrikovits 1981a;7;76;Clothing;;tanner of leather and hides
corarius;i;;corarius;male;Waltzing - Rome;7;76;Clothing;;tanner of leather and hides
coriarius;i;;coriarius;male;Waltzing - provinces;7;76;Clothing;;a tanner, currier
cornicen;nis;;cornicen;male;Waltzing - Rome;1;17;Performing Arts;;a hornblower, trumpeter, cornet-player
cornuarius;i;;;male;Petrikovits 1981a;9;94;Miscellaneous Services;;horn maker
coronarius;i;;coronarius;male;Waltzing - Rome;8;88;Miscellaneous Services;;maker of wreaths/crowns
cotiarius;i;;;male;Petrikovits 1981a;8;82;Household Goods;;grinding stone producer, seller
crepidarius;i;;;male;Petrikovits 1981a;8;80;Clothing;Shoe maker;a sandal-maker, shoemaker
cretaria;ae;;;male;Petrikovits 1981a;4;43;Retail;;a shop for Cretan earth, pottery, seller, maker
cretarius;i;;;male;EDH/EDCS;4;43;Retail;;a shop for Cretan earth, pottery, pottery maker
cribrarius;i;;;male;Petrikovits 1981a;9;94;Miscellaneous Services;;screen, sieve maker
crocotarius;i;;;male;Petrikovits 1981a;7;75;Clothing;Colour production;painter of yellow colour, dyer
crustarius;i;;;male;Petrikovits 1981a;1;16;Plastic Arts;;relief maker
crustularius;i;;;male;Petrikovits 1981a;5;53;Food-Production;;one who makes pastry, a confectioner
cucullarius;i;;;male;Petrikovits 1981a;7;79;Clothing;;cap / mantel maker
culcitarius;i;;;male;Petrikovits 1981a;7;79;Household Goods;;a cushion-maker
culinarius;i;;culinarius;male;Waltzing - provinces;5;53;Food-Production;;pertaining to the kitchen, culinary, kitchen worker
cullearius;i;;;male;Petrikovits 1981a;8;80;Household Goods;;maker of a leather bag, sack for liquids
cultellarius;i;;;male;Petrikovits 1981a;8;83;Metal-Working;;maker of a small knife
cultrarius;i;;;male;Petrikovits 1981a;8;83;Metal-Working;;knife maker, cutler
cunaria;ae;;;female;Petrikovits 1981a;5;54;Miscellaneous Services;;female nanny, babysitter
cunarius;i;;;male;Petrikovits 1981a;5;54;Miscellaneous Services;;nanny, babysitter
cunicularius;i;;;male;Petrikovits 1981a;0;2;Building;;tunnel builder
cuniculator;oris;;;male;Petrikovits 1981a;0;2;Building;;tunnel builder
cuparius;i;;cuparius;male;Waltzing - provinces;8;83;Metal-Working;;a cooper
cuppedinarius;i;;;male;Petrikovits 1981a;5;53;Food-Production;;a maker of dainties, confectioner
curator;oris;;curator;male;Waltzing;2;21;Managerial;;he who takes charge, a manager, overseer, superintendent, keeper, commissioner, delegate
curator navium;oris;;curator;male;Waltzing - Rome;2;21;Managerial;;ship manager
custodiarius;i;;custodiarius;male;Waltzing - Rome;5;58;Miscellaneous Services;;a jailer
dactilidiogliphus;i;;;male;Petrikovits 1981a;1;16;Plastic Arts;;a gem cutter
dealbator;oris;;;male;Petrikovits 1981a;9;93;Building;;who whitens over, a whitewasher, a pargeter, plasterer
deaurator;oris;;;male;Petrikovits 1981a;8;88;Metal-Working;;a gilder
decanus;i;;decanus;male;Waltzing - Rome;2;22;Managerial;;A chief of ten, one set over ten persons
decempedator;oris;;;male;Petrikovits 1981a;0;2;Miscellaneous Services;;a land-measurer, land-surveyor
dendrophorus;i;;dendrophorus;male;Waltzing - Rome;9;95;Building;Wood worker;a carpenter
diabathrarius;i;;;male;Petrikovits 1981a;8;80;Clothing;Shoe maker;light-shoe maker
diatretarius;i;;;male;Petrikovits 1981a;1;16;Plastic Arts;;one who does perforated or filigree work, a turner, carver
diffusitrix;icis;;;female;Petrikovits 1981a;4;41;Food-Retail;;female maker and trader of oil
diffusor;oris;;diffusor;male;Waltzing - provinces;4;43;Food-Retail;;trader of oil
diffusor oleari;oris;;diffusor;male;Waltzing - Rome;4;43;Food-Retail;;oil trader
dissignator;oris;;dissignator;male;Waltzing - provinces;2;21;Managerial;;an undertaker, manager
dogarius;i;;;male;Petrikovits 1981a;8;89;Household Goods;;special vessel maker
dolabrarius;i;;dolabrarius;male;Waltzing - provinces;8;83;Metal-Working;;a pickaxe-maker
dolator;oris;;;male;Petrikovits 1981a;9;95;Building;;worker with an axe
dolearius;i;;;male;Petrikovits 1981a;8;89;Household Goods;;producer and seller of large vessels
doliarius;i;;;male;Petrikovits 1981b;8;89;Household Goods;;maker of barrels made of wood or clay
dominus navium;i;;dominus;male;Waltzing - Rome;0;4;Transport;Maritime/water transport;shipmaster
domnicomontanus;i;;;male;Petrikovits 1981a;;;Unclassified;;uncertain
dulciarius;i;;;male;Petrikovits 1981a;5;53;Food-Production;;Confectioner, baker
eborarius;i;;eborarius;male;Waltzing - Rome;8;88;Miscellaneous Services;;a worker in ivory
eburarius;i;;;male;Petrikovits 1981a;8;88;Miscellaneous Services;;a worker in ivory
embaenitarius;i;;;male;Petrikovits 1981a;;;Unclassified;;uncertain
emplastrator;oris;;;male;Petrikovits 1981a;9;95;Building;;a plasterer, uncertain
emporus;i;;emporus;male;Waltzing - provinces;4;45;Retail;;a trader
ephippiarius;i;;;male;Petrikovits 1981a;8;80;Transport;Land transport;saddler
epippiarius;i;;;male;Petrikovits 1981a;8;80;Transport;Land transport;saddler
erarius;i;;;male;Petrikovits 1981a;8;83;Metal-Working;;coppersmith
essedarius;i;;;male;Petrikovits 1981a;5;58;Miscellaneous Services;Military;a fighter in a war-chariot
exactor auri argenti et aeris;oris;;exactor;male;Petrikovits 1981a;3;31;Finance;;overseer of gold and silver money production,a collector of taxes, a tax gatherer
exceptor;oris;;exceptor;male;Waltzing - Rome;3;32;Education;;an amanuensis, short-hand writer, scribe
exclussor;oris;;;male;Petrikovits 1981a;8;83;Metal-Working;;blacksmith
excusor;oris;;;male;Petrikovits 1981a;8;83;Metal-Working;;blacksmith
exemptor;oris;;;male;Petrikovits 1981a;8;82;Building;Stone worker;who pulls out stones, stone breaker
exonerator;oris;;exonerator;male;Waltzing - Rome;9;97;Transport;Land transport;an unloader of calc (calcarii)
extructor;oris;;;male;Petrikovits 1981a;0;2;Building;;builder
faber;ri;carpentarius;faber;male;EDH/EDCS;9;95;Transport;Land transport;a wheelwright worker
faber;ri;;faber;male;Waltzing - Rome;9;99;Unclassfied;;a worker in wood, stone, metal, etc., a forger, smith, artificer, carpenter, joiner
faber;ri;dolabrarius;faber;male;Waltzing - Rome;8;83;Metal-Working;;axe maker
faber;ri;ferrarius;faber;male;Waltzing - Rome;8;83;Metal-Working;;blacksmith
faber;ri;navalis;faber;male;Waltzing - Rome;9;95;Transport;Maritime/water transport;boat constructors
faber;ri;aerarius;faber;male;Waltzing - Rome;8;83;Metal-Working;;bronze worker
faber;ri;tignarius;faber;male;Waltzing - Rome;0;2;Building;;builder
faber;ri;tignuarius;faber;male;Waltzing - Rome;0;2;Building;;builder
faber;ri;lectarius;faber;male;EDH/EDCS;8;81;Household Goods;;couch maker
faber;ri;ocularius;faber;male;EDH/EDCS;0;6;Miscellaneous Services;;eye doctor, eye related discipline
faber;ri;soliarius baxiarius;faber;female;Ghent Database Roman Guilds;8;80;Clothing;;female shoe maker
faber;ri;limarius;faber;male;EDH/EDCS;8;83;Clothing;;file cutter, maker, textile worker
faber;ri;vascularius;faber;male;EDH/EDCS;8;88;Metal-Working;;goldsmith, smith
faber;ri;intestinarius;faber;male;EDH/EDCS;9;95;Building;;joiner, wood worker
faber;ri;soliarius;faber;male;Waltzing - Rome;8;80;Clothing;Shoe maker;shoe maker
faber;ri;anularius;faber;male;EDH/EDCS;8;88;Metal-Working;;signet-ring maker
faber;ri;argentarius;faber;male;Waltzing - Rome;8;88;Metal-Working;;silver-smith, money-maker
faber;ri;lapidarius;faber;male;EDH/EDCS;7;71;Building;;stone worker, letter cutter
faber;ri;centonarius;faber;male;Ghent Database Roman Guilds;7;75;Clothing;;textile maker
faber;ri;aciarius;faber;male;EDH/EDCS;7;75;Clothing;;thread maker, textile worker
faber;ri;subaedianus;faber;male;Ghent Database Roman Guilds;;;Unclassified;;unspecified house worker
fabricator;oris;;;male;Petrikovits 1981a;9;94;Miscellaneous Services;;manufacturer, an artificer, framer, forger, contriver, fabricator
fabricensis;ensis;;fabricensis;male;Waltzing - provinces;8;83;Metal-Working;;an armorer
fabriciensis;ensis;;;male;Petrikovits 1981a;8;83;Metal-Working;;an armorer
fabriciensius;i;;;male;Petrikovits 1981b;8;83;Metal-Working;;an armorer
fabriciesis;esis;;;male;Petrikovits 1981a;8;83;Metal-Working;;an armorer
factor;oris;;;male;Petrikovits 1981a;6;61;Food-Production;;an oil-presser
faenarius;i;;faenarius;male;Waltzing - Rome;3;39;Finance;;one who lends money on interest
falancarius;i;;falancarius;male;Waltzing - Rome;9;97;Transport;Land transport;one who carries burdens with the aid of a long pole
falcarius;i;;;male;Petrikovits 1981a;8;83;Metal-Working;;a sickle- or scythe-maker
farmacopola;ae;;farmacopola;male;Waltzing - provinces;0;6;Miscellaneous Services;;druggist
ferramentarius;i;;;male;Petrikovits 1981a;8;83;Metal-Working;;a maker of iron implements, tools
ferrariarius;i;;;male;Petrikovits 1981a;7;71;Metal-Working;;one who works in iron-mines
ferrarius;i;;;male;Petrikovits 1981a;8;83;Metal-Working;;iron smith
ferrius;i;;;male;Petrikovits 1981a;8;83;Metal-Working;;worker with iron
fictiliarius;i;;;male;Petrikovits 1981a;8;89;Household Goods;;potter
fictor;oris;;;male;Petrikovits 1981a;1;16;Plastic Arts;;a moulder, sculptor, image-maker, statuary
fidicinus;i;;fidicinus;male;Waltzing - Rome;1;17;Performing Arts;;lute player
figelus;i;;;male;Petrikovits 1981a;8;89;Household Goods;;a potter
figlinator;oris;;;male;Petrikovits 1981a;8;89;Household Goods;;a potter
figlus;i;;;male;Petrikovits 1981a;8;89;Household Goods;;a potter
figularius;i;;;male;Petrikovits 1981a;8;89;Household Goods;;a potter
figulator;oris;;;male;Petrikovits 1981a;8;89;Household Goods;;a potter
figulus;i;;figulus;male;Waltzing - Rome;8;89;Household Goods;;a potter
figurator;oris;;;male;Petrikovits 1981a;1;16;Plastic Arts;;one who forms or fashions, sculptor
finctor;oris;;;male;Petrikovits 1981a;1;16;Plastic Arts;;a moulder, sculptor, image-maker, statuary
flammarius;i;;;male;Petrikovits 1981a;7;75;Clothing;Colour production;read colour dyer, producer
flammearius;i;;;male;Petrikovits 1981a;7;75;Clothing;Colour production;read colour dyer, producer
flator;oris;;;male;Petrikovits 1981a;8;83;Metal-Working;;a blower of a windinstrument, caster
flaturarius;i;;;male;Petrikovits 1981a;8;83;Metal-Working;;a caster
florentinarius;i;;;male;Petrikovits 1981a;;;Unclassified;;uncertain
focarius;i;;focarius;male;Waltzing - provinces;5;53;Food-Production;;"a kitchen-boy; a kitchen-maid, cook"
fontanus;i;;fontanus;male;Waltzing - provinces;9;95;Water-Management;;of a spring, from a fountain, spring, worker?
forensis;is;;forensis;male;Waltzing - provinces;2;22;Managerial;;of or belonging to the market or forum, public, trader, a public pleader, advocate
fornacator;oris;;;male;Petrikovits 1981a;9;95;Water-Management;;the heater of a bath-furnace, a bath-heater
fosor;oris;;;male;Petrikovits 1981a;9;97;Building;;a digger, delver, ditcher
fossor;oris;;;male;Petrikovits 1981a;9;97;Building;;a digger, delver, ditcher
frenarius;i;;;male;Petrikovits 1981a;8;80;Miscellaneous Services;;bridle maker, handler
frixor;oris;;;male;Petrikovits 1981a;5;53;Food-Production;;roaster, fryer, freezer, uncertain
fructuarius;i;;fructuarius;male;Waltzing - Rome;5;53;Food-Production;;that serves for laying up the fruits in
frumentarius;i;;;male;EDH/EDCS;4;43;Retail;;trader with corn
frygio;onis;;;male;Petrikovits 1981a;8;88;Metal-Working;;goldsticker
fullo;onis;;fullo;male;Waltzing - Rome;7;75;Clothing;;a cloth-fuller
funerarius;i;;;male;Petrikovits 1981a;5;59;Death-care sector;;mortician
funerator;oris;;;male;Petrikovits 1981a;5;59;Death-care sector;;mortician
furnaria;ae;;;female;Petrikovits 1981a;5;53;Food-Production;;female baker, stove builder
furnarius;i;;;male;Petrikovits 1981a;5;53;Food-Production;;baker, stove builder
fusor;oris;;;male;Petrikovits 1981a;7;72;Metal-Working;;metal moulder, pourer
gallicarius;i;;;male;Petrikovits 1981a;8;80;Clothing;Shoe maker;special shoe type maker and seller
gallinarius;i;;gallinarius;male;Waltzing - provinces;6;62;Food-Production;;a keeper of poultry
gaunacarius;i;;;male;Petrikovits 1981a;7;75;Clothing;;furrier
gelator;oris;;;male;Petrikovits 1981a;1;16;Plastic Arts;;relief maker, carver
gemmarius;i;;;male;Petrikovits 1981a;1;16;Plastic Arts;;gem maker, carver
gerdius;i;;;male;Petrikovits 1981a;7;75;Clothing;;weaver
gerulus;i;;gerulus;male;Waltzing - Rome;9;97;Transport;Land transport;a carrier, porter
gisiarius;i;;gisiarius;male;Waltzing - provinces;9;95;Transport;Land transport;The maker / driver of a cabriolet
gladiarius;i;;;male;Petrikovits 1981a;8;83;Metal-Working;;a sword-cutler
gladiator;oris;;gladiator;male;Waltzing - Rome;1;17;Performing Arts;;gladiator
glutinarius;i;;;male;Petrikovits 1981a;7;74;Miscellaneous Services;;glue boiler, glue maker
glutinator;oris;;;male;Petrikovits 1981a;7;74;Miscellaneous Services;;a gluer together of books, a bookbinder, papyrusbinder
grabatarius;i;;;male;Petrikovits 1981a;8;81;Household Goods;;bed maker
gupsarius;i;;;male;Petrikovits 1981a;9;95;Building;;plaster worker
gynaeciarius;i;;gynaeciarius;male;Waltzing - provinces;2;22;Managerial;;the overseer of a seraglio
gypsarius;i;;;male;Petrikovits 1981a;9;95;Building;;plaster worker
gypsoplastes;ae;;;male;Petrikovits 1981a;9;95;Building;;a worker in gypsum or stucco
harenarius;i;;harenarius;male;Waltzing - provinces;1;17;Performing Arts;;A combatant in the amphitheatre, a gladiator or A teacher of the elements of arithmetic
harundinarius;i;;;male;Petrikovits 1981a;4;43;Retail;;a dealer in limed twigs
hastifer;eris;;hastifer;male;Waltzing - provinces;5;58;Miscellaneous Services;;city militia
hilitor;oris;;;male;Petrikovits 1981a;6;63;Food-Production;;gardener, vegetable gardener
holitor;oris;;;male;Petrikovits 1981a;6;63;Food-Production;;gardener, vegetable gardener
horologarius;i;;;male;Petrikovits 1981a;9;94;Miscellaneous Services;;clockmaker
horrearius;i;;horrearius;male;Waltzing - Rome;2;22;Managerial;;the superintendent of a storehouse
hortolanus;i;;;male;Petrikovits 1981a;5;55;Miscellaneous Services;;gardener
hortulanus;i;;;male;Petrikovits 1981b;5;55;Miscellaneous Services;;gardener
imaginarius;i;;;male;Petrikovits 1981a;1;16;Plastic Arts;;painter
impiliarius;i;;;male;Petrikovits 1981a;8;80;Clothing;Shoe maker;slipper maker, shoe maker
inaurator;oris;;inaurator;male;Waltzing - Rome;8;88;Metal-Working;;a gilder
inclusor auri et gemmarum;oris;;inclusor;male;Petrikovits 1981a;8;88;Metal-Working;;jewell maker, goldsmith
indusiarius;i;;;male;Petrikovits 1981a;7;79;Clothing;;a maker of women's under-garments
infector;oris;;;male;Petrikovits 1981a;7;75;Clothing;Colour production;a dyer
inpaestator;oris;;;male;Petrikovits 1981a;1;16;Plastic Arts;;metal figure maker
inpiliarius;i;;;male;Petrikovits 1981a;8;80;Clothing;Shoe maker;slipper maker, felt shoe maker
inscriptor;oris;;;male;Petrikovits 1981a;3;32;Miscellaneous Services;;letter cutter, one who writes down
insignarius;i;;;male;Petrikovits 1981a;1;16;Plastic Arts;;an engraver ?
insignitor;oris;;;male;Petrikovits 1981a;1;16;Plastic Arts;;an engraver
institor;oris;;;male;Petrikovits 1981a;4;45;Retail;;a factor, broker, huckster, hawker, peddler
instructor;oris;;;male;Petrikovits 1981b;9;94;Miscellaneous Services;;a preparer
instructor parietum;oris;;instructor;male;Petrikovits 1981a;9;95;Building;;a wall preparer
interrasor;oris;;;male;Petrikovits 1981a;1;16;Plastic Arts;;a filigreeworker
intestinarius;i;;;male;Petrikovits 1981a;8;82;Building;Wood worker;woodworker
intestinus;i;;;male;Petrikovits 1981a;8;82;Building;Wood worker;woodworker
inundatoris;is;;inundatoris;male;Waltzing - Rome;;;Unclassified;;unclear
isicarius;i;;;male;Petrikovits 1981a;5;53;Food-Production;;sausage maker, butcher
ispeclararia;ae;;;male;Petrikovits 1981b;8;89;Glass-Working;;window glass maker
iumentarius;i;;iumentarius;male;Waltzing - Rome;9;97;Transport;Land transport;of or belonging to draught-cattle
jumentarius;i;;jumentarius;male;Waltzing - Rome;9;97;Transport;Land transport;of or belonging to draught-cattle
lactarius;i;;;male;Petrikovits 1981a;5;53;Food-Production;;food preparer with milk
lactearius;i;;;male;Petrikovits 1981a;5;53;Food-Production;;food preparer with milk
lacunarius;i;;;male;Petrikovits 1981a;5;59;Death-care sector;;a gravedigger
lagoenaria;ae;;;female;Petrikovits 1981a;8;89;Household Goods;;female potter
lagunaria;ae;;;female;Petrikovits 1981a;8;89;Household Goods;;female potter
lanarius;i;;lanarius;male;Waltzing - provinces;7;75;Clothing;;a worker in wool
laniarius;i;;;male;Petrikovits 1981a;5;53;Food-Production;;a butcher
lanifex;icis;;;male;Petrikovits 1981a;7;75;Clothing;;wool worker
lanifica;ae;;;female;Petrikovits 1981b;7;75;Clothing;;female wool-spinner
lanificus;i;;;male;Petrikovits 1981a;7;75;Clothing;;a wool-spinner
lanifricarius;i;;;male;Petrikovits 1981a;7;79;Household Goods;;towel maker ?
lanilotor;oris;;;male;Petrikovits 1981a;7;75;Clothing;;wool washer
lanio;onis;;;male;Petrikovits 1981a;7;77;Food-Production;;a butcher
lanionus;i;;lanionus;male;Waltzing - provinces;7;77;Food-Production;;of or belonging to a butcher
lanipendia;ae;;;male;Petrikovits 1981b;7;75;Clothing;;one who weighs out wool
lanipendius;i;;;male;Petrikovits 1981a;7;75;Clothing;;one who weighs out wool
lanius;i;;lanius;male;Waltzing - Rome;7;77;Food-Production;;a butcher
lanternarius;i;;;male;Petrikovits 1981a;8;81;Household Goods;;lamp maker
lapedarius;i;;;male;Petrikovits 1981a;8;82;Building;Stone worker;stone-cutter
lapicida;ae;;;male;Petrikovits 1981a;7;71;Building;Stone worker;a quarryman, stone-cutter
lapicidinarius;i;;;male;Petrikovits 1981a;7;71;Building;Stone worker;a quarryman, stone-cutter
lapidarius;i;;lapidarius;male;Waltzing - provinces;7;71;Building;Stone worker;stone-cutter
lapidecesor;oris;;;male;Petrikovits 1981a;7;71;Building;Stone worker;a quarryman, stone-cutter
lapidicaesor;oris;;;male;Petrikovits 1981a;7;71;Building;Stone worker;a quarryman, stone-cutter
lapidicida;ae;;;male;Petrikovits 1981a;7;71;Building;Stone worker;a quarryman, stone-cutter
laquearius;i;;;male;Petrikovits 1981a;9;95;Building;;one that makes panelled ceilings, a ceiling-maker
laterarius;i;;;male;Petrikovits 1981a;8;82;Building;;a brickmaker
latomus;i;;latomus;male;Waltzing - provinces;9;95;Building;Stone worker;stone-cutter
lavator;oris;;;male;Petrikovits 1981a;7;75;Clothing;;a clothes-washer
lectarius;i;;;male;Petrikovits 1981a;8;81;Household Goods;;a couch-maker
lecticarius;i;;lecticarius;male;Waltzing - Rome;5;53;Food-Production;;a cook
lectuarius;i;;;male;Petrikovits 1981a;8;81;Household Goods;;a couch-maker
legulus;i;;;male;Petrikovits 1981a;6;61;Food-Production;;"a gatherer, collector; esp. one who picked up the fallen olives"
lenuncularius;i;;lenuncularius;male;Waltzing - Rome;9;98;Transport;Maritime/water transport;one who sails in a small vessel
levamentarius;i;;levamentarius;male;Waltzing - Rome;9;97;Transport;Land transport;unloader, transport worker
libarius;i;;;male;Petrikovits 1981a;5;53;Food-Production;;a pastry-cook, confectioner
libitinarius;i;;;male;Petrikovits 1981a;5;59;Death-care sector;;an undertaker, mortician
librator;oris;;;male;Petrikovits 1981a;0;2;Miscellaneous Services;;a leveller, esp. by means of a water-level, a surveyor
lignarius;i;;lignarius;male;Waltzing - provinces;9;95;Building;Wood worker;A worker in wood, a carpenter, joiner
limarius;i;;;male;Petrikovits 1981a;8;83;Clothing;;file cutter, maker
limbularius;i;;;male;Petrikovits 1981a;7;75;Clothing;;trims, ribbons, belts maker
linarius;i;;linarius;male;Waltzing - provinces;7;75;Clothing;;a linen-weaver, dealer in linen
lintarius;i;;lintarius;male;Waltzing - provinces;7;75;Clothing;;a linen-weaver, dealer in linen
lintearius;i;;lintearius;male;Waltzing - Rome;9;98;Transport;Maritime/water transport;a boatman, waterman
linteator;oris;;;male;Petrikovits 1981a;7;75;Clothing;;a linen-weaver, dealer in linen
linteo;onis;;;male;Petrikovits 1981a;7;75;Clothing;;a linen-weaver, dealer in linen
lintiarius;i;;lintiarius;male;Waltzing - provinces;7;75;Clothing;;a linen-weaver, dealer in linen
lintio;onis;;;male;Petrikovits 1981a;7;75;Clothing;;a linen-weaver, dealer in linen
lintrarius;i;;lintrarius;male;Waltzing - Rome;9;98;Transport;Maritime/water transport;a boatman, waterman
linyfarius;i;;;male;Petrikovits 1981a;7;75;Clothing;;linen weaver
linyfio;onis;;;male;Petrikovits 1981a;7;75;Clothing;;linen weaver
linyfus;i;;;male;Petrikovits 1981a;7;75;Clothing;;linen weaver
linypharius;i;;;male;Petrikovits 1981b;7;75;Clothing;;linen weaver
linyphus;i;;;male;Petrikovits 1981b;7;75;Clothing;;linen weaver
lithotomos;i;;;male;Petrikovits 1981a;9;95;Building;;stone cutter, Greek
liticinus;i;;liticinus;male;Waltzing - Rome;1;17;Performing Arts;;a player on the clarion
loclarius;i;;;male;Petrikovits 1981a;5;59;Death-care sector;;casket maker, coffin maker
locularius;i;;;male;Petrikovits 1981a;5;59;Death-care sector;;casket maker, coffin maker
lorarius;i;;;male;Petrikovits 1981a;8;80;Miscellaneous Services;Military;a harness-maker
loricarius;i;;;male;Petrikovits 1981a;8;83;Miscellaneous Services;Military;maker of lorica, cuirass
lotor;oris;;;male;Petrikovits 1981a;7;75;Clothing;;a clothes-washer
lotorus;i;;lotorus;male;Waltzing - provinces;7;75;Clothing;;fuller, clening wool
lucernarius;i;;;male;Petrikovits 1981a;9;94;Household Goods;;lamp maker
lupinarius;i;;lupinarius;male;Waltzing - Rome;4;43;Food-Retail;;dealers in lupines
lusorius;i;;;male;Petrikovits 1981a;1;16;Plastic Arts;;mosaicer, maker of mosaic
lyntrarius;i;;lyntrarius;male;Waltzing - provinces;9;95;Transport;Maritime/water transport;raft-maker
macellarius;i;;macellarius;male;Waltzing - provinces;7;77;Food-Production;;butcher
machinarius;i;;;male;Petrikovits 1981a;9;95;Building;;a machinist, machine-builder,
machinator;oris;;;male;Petrikovits 1981a;0;2;Miscellaneous Services;;a maker of machines, a machinist, an engineer, architect
machio;onis;;;male;Petrikovits 1981a;9;95;Building;Stone worker;mason
magira;ae;;;male;Petrikovits 1981a;5;53;Food-Production;;cook
magnarius;i;;magnarius;male;Waltzing - Rome;4;43;Retail;;a dealer in gross, wholesale dealer
malleator;oris;;;male;Petrikovits 1981a;8;83;Miscellaneous Services;;worker with hammer, coinstrucker
malliator;oris;;;male;Petrikovits 1981a;8;83;Miscellaneous Services;;worker with hammer, coinstrucker
manceps salinarum;ipis;;manceps;male;Waltzing - Rome;2;21;Managerial;;salt shops managers,  purchaser of any thing at a public auction, a renter, farmer, contractor, etc. 
manceps thermarum;ipis;;manceps;male;Waltzing - Rome;2;21;Managerial;;bath managers,  purchaser of any thing at a public auction, a renter, farmer, contractor, etc. 
manciparius;i;;manciparius;male;Waltzing - Rome;4;45;Retail;;salesman
manicarius;i;;;male;Petrikovits 1981a;8;83;Miscellaneous Services;;manufacturers of manicae, bangages for gladiator sword
manticularius;i;;manticularius;male;Waltzing - provinces;7;79;Clothing;;manufacturer of a small wallet, purse, pouch
manulearius;i;;;male;Petrikovits 1981a;7;79;Clothing;;a manufacturer of garments with long sleeves
manupretiarius;i;;;male;Petrikovits 1981a;9;99;Unclassified;;uncertain, unspecified worker, for hourly wage
margaritarius;i;;;male;Petrikovits 1981a;4;43;Retail;;a dealer in pearls, a pearl-fisher
marmarius;i;;;male;Petrikovits 1981a;9;95;Building;Stone worker;marble worker
marmorarienses;ae;;;male;Petrikovits 1981a;9;95;Building;Stone worker;marble worker
marmorarius;i;;marmorarius;male;Waltzing - Rome;9;95;Building;Stone worker;marble worker
massarius;i;;;male;Petrikovits 1981a;8;83;Metal-Working;;unclear, maybe metal-worker
materiarius;i;;;male;Petrikovits 1981a;9;95;Building;Wood worker;wood-worker
medicamentarius;i;;;male;Petrikovits 1981a;0;6;Miscellaneous Services;;a druggist, apothecary
medicator;oris;;medicator;male;Waltzing - provinces;0;6;Miscellaneous Services;;a physician
medicus;i;;medicus;male;Waltzing - Rome;0;6;Miscellaneous Services;;a surgeon
membranarius;i;;;male;Petrikovits 1981a;7;73;Miscellaneous Services;;a parchment-maker
mensor;oris;;mensor;male;Waltzing - Rome;0;2;Miscellaneous Services;;a measurer, surveyor
mercator;oris;;mercator;male;Waltzing - Rome;4;45;Retail;;trader
mesor;oris;;;male;Petrikovits 1981a;0;2;Miscellaneous Services;;a measurer, surveyor
metallarius;i;;metallarius;male;Waltzing - provinces;7;71;Fuel / Raw material;;a man or a woman that works in a mine, a miner
metallicus;i;;;male;Petrikovits 1981a;7;71;Fuel / Raw material;;a man or a woman that works in a mine, a miner
metator;oris;;;male;Petrikovits 1981a;0;2;Miscellaneous Services;;one who marks off, fixer of boundaries, surveyor
mimus;i;;mimus;male;Waltzing - Rome;1;17;Performing Arts;;mime
miniarius;i;;;male;Petrikovits 1981a;7;71;Fuel / Raw material;;a cinnabar miner (mineral) for dying
molator;oris;;;male;Petrikovits 1981a;6;61;Food-Production;;miller
molendarius;i;;molendarius;male;Waltzing - Rome;6;61;Food-Production;;miller
molendinarius;i;;;male;Petrikovits 1981a;6;61;Food-Production;;worker in a mill
molinarius;i;;;male;Petrikovits 1981a;6;61;Food-Production;;miller
molitor;oris;;;male;Petrikovits 1981a;6;61;Food-Production;;miller
molochinarius;i;;;male;Petrikovits 1981a;7;79;Clothing;;A seller of mallow colored garments
molocinarius;i;;;male;Petrikovits 1981a;7;79;Clothing;;A seller of mallow colored garments
monetarius;i;;monetarius;male;Waltzing - Rome;3;31;Finance;;a master of the mint
montanarius;i;;;male;Petrikovits 1981a;5;59;Death-care sector;;grave digger
moritex;icis;;;male;Petrikovits 1981a;;;Unclassified;;unclear
mulionus;i;;mulionus;male;Waltzing - provinces;9;98;Transport;Land transport;of a mule-driver
multiciarius;i;;;male;Petrikovits 1981a;7;79;Clothing;;a soft dress, delicate garment seller
murilegulus;i;;murilegulus;male;Waltzing - provinces;7;75;Clothing;Colour production;one who gathers or fishes for the purple-fish
murobatharius;i;;;male;Petrikovits 1981a;4;45;Retail;;unclear, possible dealer with luxury items
musaearius;i;;;male;Petrikovits 1981a;1;16;Plastic Arts;;mosaicer, maker of mosaic
musarius;i;;;male;Petrikovits 1981a;1;16;Plastic Arts;;mosaicer, maker of mosaic
museiarius;i;;;male;Petrikovits 1981a;1;16;Plastic Arts;;mosaicer, maker of mosaic
musivarius;i;;;male;Petrikovits 1981a;;;Unclassified;;unclear
myrepsicus;i;;;male;Petrikovits 1981a;9;94;Miscellaneous Services;;manufacturer of ointments and oils
myrrepsius;i;;;male;Petrikovits 1981a;9;94;Miscellaneous Services;;manufacturer of ointments and oils
nauclerus;i;;nauclerus;male;Waltzing - provinces;0;4;Transport;Maritime/water transport;a shipowner, a ship-master, skipper
nauicularius;i;;nauicularius;male;Waltzing - Rome;0;4;Transport;Maritime/water transport;a ship-owner who hires out vessels for money, a ship-master, merchant
naupegiarius;i;;;male;Petrikovits 1981a;9;95;Transport;Maritime/water transport;a shipbuilder, shipwright, ship-carpenter
naupegus;i;;;male;Petrikovits 1981a;9;95;Transport;Maritime/water transport;a shipbuilder, shipwright, ship-carpenter
nauta;ae;;nauta;male;Waltzing - Rome;9;98;Transport;Maritime/water transport;a sailor, seaman, mariner, merchant
nauticarius;i;;nauticarius;male;Waltzing - Rome;0;4;Transport;Maritime/water transport;a shipmaster
navalis;is;;;male;Petrikovits 1981a;9;98;Transport;Maritime/water transport;sailors, seamen
navicularius;i;;navicularius;male;Waltzing - Rome;0;4;Transport;Maritime/water transport;a ship-owner who hires out vessels for money, a ship-master, merchant
navigans;ntis;;navigans;male;Waltzing - Rome;9;98;Transport;Maritime/water transport;one who sails in a small vessel
navigator;oris;;navigator;male;Waltzing - Rome;9;98;Transport;Maritime/water transport;sailor
navigiarius;i;;navigiarius;male;Waltzing - Rome;9;98;Transport;Maritime/water transport;one who sails in a small vessel
negotians;ntis;;negotians;male;Waltzing - Rome;4;45;Retail;;trader
negotians;ntis;ferrarius;;male;EDH/EDCS;4;45;Retail;;trader of metal
negotians;ntis;materiarius;;male;EDH/EDCS;4;45;Retail;;trader of timber
negotiator;oris;cervesarius;;male;EDH/EDCS;4;43;Retail;;beer trader ?
negotiator;oris;vestiarius;;male;EDH/EDCS;4;43;Retail;;clothes trader
negotiator;oris;manticularius;;male;EDH/EDCS;4;43;Retail;;coat trader
negotiator;oris;vascularius;;male;EDH/EDCS;4;43;Retail;;goldsmith and silver trader
negotiator;oris;eborarius;;male;EDH/EDCS;4;43;Retail;;ivory trader
negotiator;oris;lintiarius;;male;EDH/EDCS;4;43;Retail;;linen trader
negotiator;oris;paenularius;;male;EDH/EDCS;4;43;Retail;;mantle trader
negotiator;oris;sagarius et pellicarius;;male;EDH/EDCS;4;43;Retail;;mantle trader
negotiator;oris;sagarius;;male;EDH/EDCS;4;43;Retail;;mantle trader
negotiator;oris;marmorarius;;male;EDH/EDCS;4;43;Retail;;marble trader
negotiator;oris;ferrarius;;male;EDH/EDCS;4;43;Retail;;metal trader
negotiator;oris;nummularius;;male;EDH/EDCS;4;43;Retail;;money trader, money distributor, banker
negotiator;oris;olearius;;male;EDH/EDCS;4;43;Retail;;oil trader
negotiator;oris;;negotiator;male;Waltzing - Rome;4;43;Retail;;one who does business by wholesale, a wholesale dealer, a banker, a factor
negotiator;oris;margaritarius;;male;EDH/EDCS;4;43;Retail;;pearl trader
negotiator;oris;cretarius;;male;EDH/EDCS;4;43;Retail;;pottery trader
negotiator;oris;salarius;;male;EDH/EDCS;4;43;Retail;;salt trader
negotiator;oris;salsarius;;male;EDH/EDCS;4;43;Retail;;salted food trader
negotiator;oris;sericarius;;male;EDH/EDCS;4;43;Retail;;silk trader
negotiator;oris;materiarius;;male;EDH/EDCS;4;43;Retail;;timber trader
negotiator;oris;boarius;;male;EDH/EDCS;4;43;Retail;;trader with cattle
negotiator;oris;frumentarius;;male;EDH/EDCS;4;43;Retail;;trader with corn
negotiator;oris;allecarius;;male;EDH/EDCS;4;43;Retail;;trader with fish-sauce
negotiator;oris;perticarius;negotiator;male;EDH/EDCS;4;43;Retail;;trader with poles
negotiator;oris;gladiarius;;male;EDH/EDCS;4;43;Retail;;trader with swords
negotiator;oris;seplasiarius;negotiator;male;EDH/EDCS;4;43;Retail;;unguent from Capua, perfume trader
negotiator;oris;salsamentarius et vinarius;;male;EDH/EDCS;4;43;Retail;;wine trader
negotiator;oris;vinarius;;male;EDH/EDCS;4;43;Retail;;wine trader
negotiator;oris;lanarius;;male;EDH/EDCS;4;43;Retail;;wool trader
negotiator ;oris;iuvencarius;negotiator;male;EDH/EDCS;4;43;Retail;;young cattle trader
negotiator artis cretariae;oris;;negotiator;male;EDH/EDCS;4;43;Retail;;pottery trader
negotiator artis cretariae et vestiariae;oris;;negotiator;male;EDH/EDCS;4;43;Retail;;pottery trader
negotiator artis macellariae;oris;;negotiator;male;EDH/EDCS;4;43;Retail;;trader with butcher's products
negotiator artis prossariae;oris;;negotiator;male;EDH/EDCS;4;43;Retail;;trader with textile products
negotiator artis purpurariae;oris;;negotiator;male;EDH/EDCS;4;43;Retail;;trader with textile purple dyed products
negotiator artis ratiariae;oris;;negotiator;male;EDH/EDCS;4;43;Retail;;trader with rafts ?
negotiator artis vestiariae;oris;;negotiator;male;EDH/EDCS;4;43;Retail;;trader with textiles
negotiator artis vestiariae et lintiariae;oris;;negotiator;male;EDH/EDCS;4;43;Retail;;trader with textiles
negotiator campi pecuarii;oris;;negotiator;male;EDH/EDCS;4;43;Retail;;trader with cattle
negotiator cellarum vinarium;oris;;negotiator;male;EDH/EDCS;4;43;Retail;;trader with wine
negotiator frumentariae et legumenariae;oris;;negotiator;male;EDH/EDCS;4;43;Retail;;trader with vegetables and corn
negotiator laudecenarii;oris;;negotiator;male;EDH/EDCS;4;43;Retail;;trader with uncertain meaning ?
negotiator penoris et vinorum;oris;;negotiator;male;EDH/EDCS;4;43;Retail;;wine trader
negotiator salsari leguminari;oris;;negotiator;male;EDH/EDCS;4;43;Retail;;salted vegetables trader
negotiator suariae et pecuariae;oris;;negotiator;male;EDH/EDCS;4;43;Retail;;cattle trader
negotiator vini;oris;;negotiator;male;EDH/EDCS;4;43;Retail;;wine trader
netrix;icis;;negotiator;female;Petrikovits 1981a;8;88;Metal-Working;;female gold weaver
nitionus;i;;nitionus;male;Waltzing - provinces;6;61;Food-Production;;tax-farmer
nummularius;i;;nummularius;male;Waltzing - Rome;3;33;Finance;;a money-changer
numularius;i;;;male;Petrikovits 1981a;3;33;Finance;;a money-changer
oculariarius;i;;;male;Petrikovits 1981a;1;16;Plastic Arts;;artisan, glass eye maker for statues
ocularius;i;;;male;EDH/EDCS;0;6;Miscellaneous Services;;eye doctor, eye related discipline
offarius;i;;;male;Petrikovits 1981a;5;53;Food-Production;;dealing with morsels: cocus, a maker of minced meat 
offector;oris;;;male;Petrikovits 1981a;7;75;Clothing;Colour production;dyer
offectorus;i;;offectorus;male;Waltzing - provinces;7;75;Clothing;Colour production;dye maker
officinator;oris;;;male;Petrikovits 1981a;5;51;Miscellaneous Services;;one who keeps a workshop, a master-workman, an artificer, artist
officinatrix;icis;;;female;Petrikovits 1981a;5;51;Miscellaneous Services;;female one who keeps a workshop, a master-workman, an artificer, artist
olarius;i;;;male;Petrikovits 1981a;8;89;Household Goods;;potter
oleareus;i;;;male;Petrikovits 1981a;6;61;Food-Production;;oil-maker, olive oil dealer
olearius;i;;olearius;male;Waltzing - Rome;6;61;Food-Production;;oil-maker, olive oil dealer
olitor;oris;;olitor;male;Waltzing - provinces;6;63;Food-Production;;a kitchen-gardener
ollarius;i;;;male;Petrikovts 1981b;8;89;Household Goods;;potter
operarius;i;;;male;Petrikovits 1981a;9;94;Miscellaneous Services;;a laborer, workman, operative
opifex;icis;;opifex;male;Waltzing - provinces;0;2;Building;;a worker, workman, mechanic, artisan
orchestopolarius;i;;orchestopolarius;male;Waltzing - provinces;1;17;Performing Arts;;a juggler, dancer
ornator;oris;;;male;Petrikovits 1981a;5;54;Miscellaneous Services;;An adorner, dresser
ornatrix;icis;;;female;Petrikovits 1981a;5;54;Miscellaneous Services;;female adorner, dresser
paenularius;i;;;male;Petrikovits 1981a;7;79;Clothing;;cloak or mantle maker and seller
palangarius;i;;palangarius;male;Waltzing - Rome;5;53;Food-Retail;;wine bearer
palariacus;i;;;male;Petrikovits 1981a;;;Unclassified;;unclear
panarius;i;;;male;Petrikovits 1981a;4;45;Food-Retail;;a bread-seller
panchrestiarius;i;;;male;Petrikovits 1981a;5;53;Food-Production;;a confectioner
pancrestarius;i;;;male;Petrikovits 1981a;5;53;Food-Production;;a confectioner
panifex;icis;;;male;Petrikovits 1981a;5;53;Food-Production;;a breadmaker, baker
panificus;i;;;male;Petrikovits 1981a;5;53;Food-Production;;a breadmaker, baker
pantapolus;i;;pantapolus;male;Waltzing - Rome;4;45;Retail;;greek trader
pantomimus;i;;pantomimus;male;Waltzing - provinces;1;17;Performing Arts;;a ballet-dancer
parabolanus;i;;parabolanus;male;Waltzing - provinces;0;6;Miscellaneous Services;;a sick-nurse
paracharactes;ae;;;male;Petrikovits 1981a;3;39;Finance;;counterfeiter, forger
parasitus;i;;parasitus;male;Waltzing - provinces;1;17;Performing Arts;;a player, actor
parietarius;i;;;male;Petrikovits 1981a;1;16;Plastic Arts;;a painter
parmaluraius;i;;;male;Petrikovits 1981a;8;83;Miscellaneous Services;Military;small shield maker
pastilarius;i;;pastilarius;male;Waltzing - Rome;5;53;Food-Production;;a maker of pastils
pastillarius;i;;;male;Petrikovits 1981a;5;53;Food-Production;;a maker of pastils
patagiarius;i;;;male;Petrikovits 1981a;7;79;Clothing;;a boler-maker (a gold edging or border on a Roman lady's tunic)
pausarius;i;;pausarius;male;Waltzing - Rome;3;33;Finance;;A money-changer, banker
pavimentarius;i;;pavimentarius;male;Waltzing - Rome;9;95;Building;Stone worker;a maker of pavements
pectenarius;i;;;male;Petrikovits 1981a;8;81;Household Goods;;a combmaker
pectinarius;i;;;male;Petrikovits 1981a;8;81;Household Goods;;a combmaker
pectinator;oris;;;male;Petrikovits 1981a;8;81;Household Goods;;a combmaker
pecuarius;i;;pecuarius;male;Waltzing - Rome;6;62;Food-Production;;sheep, cattle breader
pellarius;i;;;male;Petrikovits 1981a;7;76;Clothing;;one that prepares skins, a furrier
pellicarius;i;;;male;EDH/EDCS;4;43;Retail;;mantle maker
pellio;onis;;;male;Petrikovits 1981a;7;76;Clothing;;one that prepares skins, a furrier
pellionarius;i;;pellionarius;male;Waltzing - Rome;7;76;Clothing;;one who prepared skins for the use of soldiers
peponarius;i;;peponarius;male;Waltzing - Rome;4;45;Food-Retail;;melon seller
pequarius;i;;pequarius;male;Waltzing - Rome;6;62;Food-Production;;sheep, cattle breader
perfector;oris;;;male;Petrikovits 1981a;;;Unclassified;;unclear
pernarius;i;;;male;Petrikovits 1981a;4;45;Food-Retail;;a ham-seller
perpendiculator;oris;;;male;Petrikovits 1981a;9;95;Building;;an artisan who uses a plumb-line, a stonemason
personarius;i;;;male;Petrikovits 1981b;8;88;Miscellaneous Services;;mask maker
pharmacopola;ae;;pharmacopola;male;Waltzing - provinces;4;43;Retail;;a drugseller, quack
phrygio;onis;;;male;Petrikovits 1981a;8;88;Metal-Working;;goldsticker
picarius;i;;;male;Petrikovits 1981a;7;74;Fuel / Raw material;;pitch (resin) boiler
pictor;oris;;;male;Petrikovits 1981a;1;16;Plastic Arts;;painter
pigmentarius;i;;pigmentarius;male;Waltzing - Rome;4;43;Retail;;dye seller
pincerna;ae;;;male;Petrikovits 1981a;5;53;Miscellaneous Services;;cupbearer
pinctor;oris;;;male;Petrikovits 1981a;1;16;Plastic Arts;;painter
piscator;oris;;piscator;male;Waltzing - Rome;6;64;Food-Production;;a fisherman, fisher
piscicapus;i;;piscicapus;male;Waltzing - provinces;6;64;Food-Production;;a fish-catcher
pisticarius;i;;;male;Petrikovits 1981a;5;53;Food-Production;;baker
pistor;oris;;pistor;male;Waltzing - Rome;6;61;Food-Production;;one who pounds corn in a mortar or grinds it in a hand-mill, a miller, a baker
pistrinarius;i;;;male;Petrikovits 1981b;6;61;Food-Production;;the manager of a pounding-mill, a miller
pistrix;icis;;;female;Petrikovits 1981a;5;53;Food-Production;;female baker
pistur;uris;;;male;Petrikovits 1981a;6;61;Food-Production;;one who pounds corn in a mortar or grinds it in a hand-mill, a miller, a baker
placentarius;i;;;male;Petrikovits 1981a;5;53;Food-Production;;a pastry-cook
plasta;ae;;;male;Petrikovits 1981a;1;16;Plastic Arts;;a moulder, potter, modeller, statuary
plastes;ae;;;male;Petrikovits 1981a;1;16;Plastic Arts;;a moulder, potter, modeller, statuary
plasticator;oris;;;male;Petrikovits 1981a;1;16;Plastic Arts;;a moulder, potter, modeller, statuary
plasticus;i;;;male;Petrikovits 1981a;1;16;Plastic Arts;;a moulder, potter, modeller, statuary
plaustrarius;i;;;male;Petrikovits 1981a;9;97;Transport;Land transport;a vehicle for freight, wagon, wain, cart maker
plicatrix;icis;;;female;Petrikovits 1981a;7;79;Clothing;;female dress maker, tailor
plombarius;i;;;male;Petrikovits 1981a;8;87;Metal-Working;;a plumber, lead worker
plostrarius;i;;;male;Petrikovits 1981a;9;97;Transport;Land transport;a vehicle for freight, wagon, wain, cart maker
plumarius;i;;plumarius;male;Waltzing - Rome;7;79;Household Goods;;an embroiderer
plumbarius;i;;;male;Petrikovits 1981a;8;87;Metal-Working;;a plumber, lead worker
plutearius;i;;;male;Petrikovits 1981a;9;95;Building;;a maker of balustrades
plutiarius;i;;;male;Petrikovits 1981a;9;95;Building;;a maker of balustrades
poeta;ae;;poeta;male;Waltzing - Rome;1;17;Performing Arts;;a poet
polio;onis;;;male;Petrikovits 1981a;5;56;Miscellaneous Services;;a cultivator, improver, a polisher
politor;oris;;;male;Petrikovits 1981a;5;56;Miscellaneous Services;;a cultivator, improver, a polisher
pollictor;oris;;;male;Petrikovits 1981a;5;59;Death-care sector;;corpse washer and preparer
pollinctor;oris;;;male;Petrikovits 1981a;5;59;Death-care sector;;corpse washer and preparer
pollio;onis;;;male;Petrikovits 1981a;5;56;Miscellaneous Services;;a cultivator, improver, a polisher
polymitarius;i;;;male;Petrikovits 1981a;7;75;Clothing;;a damask-weaver
pomarius;i;;pomarius;male;Waltzing - provinces;4;45;Food-Retail;;of fruit, of fruittrees seller
popinarius;i;;;male;Petrikovits 1981a;5;53;Food-Retail;;a cook-shop, eatinghouse, low tavern owner
popinator;oris;;;male;Petrikovits 1981a;5;53;Food-Retail;;a cook-shop, eatinghouse, low tavern owner
porcinarius;i;;porcinarius;male;Waltzing - Rome;6;62;Food-Production;;pig breader
possessor;oris;;possessor;male;Waltzing - provinces;2;22;Managerial;;a possessor, owner
professor;oris;;professor;male;Waltzing - provinces;1;13;Education;;a public teacher
promus;i;;;male;Petrikovits 1981a;5;53;Miscellaneous Services;;a cellarer, steward, butler
propola;ae;;propola;male;Waltzing - provinces;4;45;Retail;;a forestaller, retailer, huckster
prosmonus;i;;;male;Petrikovits 1981a;;;Unclassified;;unclear
prossaria;ae;;;male;Petrikovits 1981a;7;75;Clothing;;woolen fabrics maker
psaltes;ae;;psaltes;male;Waltzing - Rome;1;17;Performing Arts;;cithara player
psecas;adis;;;female;Petrikovits 1981a;5;57;Miscellaneous Services;;a female slave who perfumed her mistress's hair
pugillariarius;i;;;male;Petrikovits 1981a;7;73;Miscellaneous Services;;maker of small writing boards
purpurarius;i;;;male;Petrikovits 1981a;7;75;Clothing;Colour production;purple colour dyer
putearius;i;;;male;Petrikovits 1981a;9;95;Building;;a well-digger
quadratarius;i;;;male;Petrikovits 1981a;9;95;Building;Stone worker;stonemason
quadratatorius;i;;;male;Petrikovits 1981a;9;95;Building;Stone worker;stonemason
quadrigularius;i;;;male;Petrikovits 1981a;1;16;Plastic Arts;;a painter
quasillaria;ae;;;female;Petrikovits 1981a;7;75;Clothing;;a basketwench, spinning-girl
raedarius;i;;;male;Petrikovits 1981a;3;36;Transport;Land transport;a coachman, driver of a raeda
ratiarius;i;;ratiarius;male;Waltzing - provinces;9;98;Transport;Maritime/water transport;a raftsman, lighterman
redemptor;oris;;;male;Petrikovits 1981a;5;53;Food-Production;;a miller, bread-maker, baker
refector pectinarius;oris;;refector;male;Petrikovits 1981a;8;81;Household Goods;;a restorer, repairer of combs
resinaria;ae;;;female;Petrikovits 1981a;7;74;Fuel / Raw material;;female resin maker
restiarius;i;;;male;Petrikovits 1981a;4;43;Retail;;A ropemaker, rope-seller
resticularius;i;;;male;Petrikovits 1981a;4;43;Retail;;A ropemaker, rope-seller
restio;onis;;restio;male;Waltzing - Rome;4;43;Retail;;A ropemaker, rope-seller
retiarius;i;;retiarius;male;Waltzing - provinces;1;17;Performing Arts;;a gladiator who used a net to entangle his adversary, net-fighter
retifex;icis;;;male;Petrikovits 1981a;7;79;Miscellaneous Services;;a netmaker
rhedarius;i;;;male;Petrikovits 1981a;3;36;Transport;Land transport;a coachman, driver of a raeda
rhypararographus;i;;;male;Petrikovits 1981a;1;16;Plastic Arts;;a painter
rosarius;i;;rosarius;male;Waltzing - Rome;4;43;Retail;;seller of roses
saburrarius;i;;saburrarius;male;Waltzing - Rome;9;97;Transport;Maritime/water transport;one who carries ballast to ships
sacarius;i;;;male;Petrikovits 1981a;9;97;Transport;Land transport;one who carries sacks, sack maker
saccarius;i;;saccarius;male;Waltzing - Rome;9;97;Transport;Land transport;one who carries sacks, sack maker
sacomarius;i;;;male;Petrikovits 1981a;8;83;Miscellaneous Services;;one who makes counterpoises or weights 
sagarius;i;;sagarius;male;Waltzing - Rome;4;43;Retail;;a dealer in mantles
sagittarius;i;;;male;Petrikovits 1981a;8;83;Metal-Working;;arrow-makers, arrow-smiths
sagmarius;i;;;male;Petrikovits 1981a;8;80;Transport;Land transport;manufacturer of pack animal saddles
salarius;i;;salarius;male;Waltzing - Rome;4;43;Retail;;salt maker, dealer
salgamarius;i;;;male;Petrikovits 1981a;4;43;Food-Production;;one who makes or sells pickles
salinator;oris;;salinator;male;Waltzing - provinces;4;45;Food-Retail;;a dealer in salt
salsamentarius;i;;;male;Petrikovits 1981a;4;45;Food-Retail;;a dealer in salted fish
salsarius;i;;;male;EDH/EDCS;6;61;Food-Production;;salt-worker, uncertain
samiarius;i;;;male;Petrikovits 1981a;5;55;Miscellaneous Services;;a polisher, grinder
samiator;oris;;;male;Petrikovits 1981a;5;55;Miscellaneous Services;;a polisher, furbisher
sandaliarius;i;;;male;Petrikovits 1981a;8;80;Clothing;Shoe maker;sandal, shoe maker
sandapilarius;i;;;male;Petrikovits 1981a;5;59;Death-care sector;;one that carries a sandapila, a corpse-bearer
saponarius;i;;saponarius;male;Waltzing - provinces;7;74;Household Goods;;soap producer
sarcinator;oris;;;male;Petrikovits 1981a;7;79;Clothing;;a patcher, botcher, mender of old garments
sarcinatrix;icis;;;female;Petrikovits 1981b;7;79;Clothing;;female patcher, botcher, mender of old garments
sarcitor;oris;;;male;Petrikovits 1981a;7;79;Clothing;;a patcher, botcher, mender of old garments
sarsor;oris;;;male;Petrikovits 1981a;6;61;Miscellaneous Services;;A hoer, weeder, cultivator
sartcitrix;icis;;;female;Petrikovits 1981b;7;79;Clothing;;female patcher, botcher, mender of old garments
sartor;oris;;;male;Petrikovits 1981a;6;61;Miscellaneous Services;;A hoer, weeder, cultivator
sartrix;icis;;;female;Petrikovits 1981b;6;61;Miscellaneous Services;;Female hoer, weeder, cultivator
sartur;uris;;;male;Petrikovits 1981a;6;61;Miscellaneous Services;;A hoer, weeder, cultivator
scabillarius;i;;scabillarius;male;Waltzing - Rome;9;99;Miscellaneous Services;;player of a footstool, cricket
scaenarius;i;;;male;Petrikovits 1981a;1;16;Plastic Arts;;a painter
scaenaticus;i;;scaenaticus;male;Waltzing - Rome;1;17;Performing Arts;;a stageplayer
scaenicus;i;;scaenicus;male;Waltzing - Rome;1;17;Performing Arts;;of the stage, scenic, dramatic, theatrical
scalarius;i;;;male;Petrikovits 1981a;9;95;Building;;step maker, ladder maker
scalptor;oris;;;male;Petrikovits 1981a;1;16;Plastic Arts;;a cutter, graver in metal or stone
scamillarius;i;;scamillarius;male;Waltzing - provinces;9;99;Miscellaneous Services;;player of a footstool, cricket
scandularius;i;;;male;Petrikovits 1981a;9;95;Building;;shingle maker
scapharius;i;;scapharius;male;Waltzing - Rome;0;4;Transport;Maritime/water transport;owner of a small boat
scaurarius;i;;;male;Petrikovits 1981a;7;72;Metal-Working;;slag worker
scholasticus;i;;scholasticus;male;Waltzing - provinces;1;13;Education;;who teaches or studies rhetoric, a lecturer in the schools, a rhetorician
scissor;oris;;;male;Petrikovits 1981a;8;82;Building;;a carver, kind of gladiator
scordiscarius;i;;;male;Petrikovits 1981a;8;80;Transport;Land transport;saddler
scriba;ae;;scriba;male;Waltzing - Rome;3;30;Education;;a public writer, official scribe, professional writer, clerk, secretary
scriblitarius;i;;;male;Petrikovits 1981a;5;53;Food-Production;;a tart-baker
scriptor;oris;;scriptor;male;Petrikovits 1981a;3;30;Managerial;;one who writes, a writer, scribe, copyist, clerk
sculptor;oris;;;male;Petrikovits 1981a;1;16;Plastic Arts;;one who cuts, carves, or engraves in stone, wood
scultor;oris;;;male;Petrikovits 1981a;1;16;Plastic Arts;;one who cuts, carves, or engraves in stone, wood
scutarius;i;;;male;Petrikovits 1981a;8;83;Miscellaneous Services;;shield maker
scutularius;i;;;male;Petrikovits 1981a;8;81;Household Goods;;table maker with diamond shaped decor
sector;oris;;sector;male;Waltzing - Rome;8;82;Building;;one who cuts, a cutter
securicularius;i;;;male;Petrikovits 1981a;8;83;Metal-Working;;a little axe maker and seller
segmentarius;i;;;male;Petrikovits 1981a;8;88;Metal-Working;;trimmer with gold or seller
sellularius;i;;;male;Petrikovits 1981a;8;81;Household Goods;;lounger, chair maker
seplasiarius;i;;;male;Petrikovits 1981a;9;94;Miscellaneous Services;;anoitment maker and seller
sericarius;i;;;male;Petrikovits 1981a;7;75;Clothing;;silk producer and dealer
serrarius;i;;serrarius;male;Waltzing - provinces;8;82;Building;Stone worker;stone-sawyer
sessoriarius;i;;;male;Petrikovits 1981a;8;81;Household Goods;;armchair maker
sigillariarius;i;;;male;Petrikovits 1981a;8;89;Household Goods;;a potter
sigillarius;i;;;male;Petrikovits 1981a;8;89;Household Goods;;a potter
sigillator;oris;;;male;Petrikovits 1981a;8;89;Household Goods;;a potter
signarius;i;;;male;Petrikovits 1981a;1;16;Plastic Arts;;a sculptor
signator;oris;;;male;Petrikovits 1981a;3;39;Finance;;one who stamps money, a coiner
silicarius;i;;;male;Petrikovits 1981a;9;95;Building;Stone worker;one that paves roads with pebble-stones
siliginarius;i;;;male;Petrikovits 1981a;5;53;Food-Production;;wheat bread baker
silvicaedus;i;;;male;Petrikovits 1981a;8;81;Building;Wood worker;lumberjack
similaginarius;i;;;male;Petrikovits 1981a;5;53;Food-Production;;wheat bread baker
simpulariarius;i;;;male;Petrikovits 1981a;8;81;Household Goods;;a maker of simpula, ladle maker
sindiniacus;i;;;male;Petrikovits 1981a;7;75;Clothing;;cotton stuff, muslin maker
sindoniacus;i;;sindoniacus;male;Waltzing - provinces;7;75;Clothing;;cotton stuff, muslin maker
sintoniacus;i;;;male;Petrikovits 1981a;7;75;Clothing;;cotton stuff, muslin maker
siricaria;ae;;;male;Petrikovits 1981a;7;75;Clothing;;silk producer and dealer
siricarius;i;;;male;Petrikovits 1981a;7;75;Clothing;;silk producer and dealer
solatarius;i;;;male;Petrikovits 1981a;8;80;Clothing;Shoe maker;shoe maker
solearius;i;;;male;Petrikovits 1981a;8;80;Clothing;Shoe maker;shoe maker
soliarius;i;;;male;Petrikovits 1981a;8;80;Clothing;Shoe maker;shoe maker
sonarius;i;;;male;Petrikovits 1981a;7;75;Clothing;;belt maker
spadicarius;i;;;male;Petrikovits 1981a;7;75;Clothing;Colour production;dyer with brown colour
spatharius;i;;;male;Petrikovits 1981a;8;83;Metal-Working;;a broad sword with a double edge, sabre maker
speclariarius;i;;;male;Petrikovits 1981a;8;89;Glass-Working;;a mirror-maker, window glass maker
speclarius;i;;;male;Petrikovits 1981a;8;89;Glass-Working;;a mirror-maker, window glass maker
speculariarius;i;;;male;Petrikovits 1981a;8;89;Glass-Working;;a mirror-maker, window glass maker
specularius;i;;specularius;male;Waltzing - Rome;8;89;Glass-Working;;a mirror-maker, window glass maker
sructor;oris;;;male;Petrikovits 1981a;9;95;Building;Wood worker;a builder, mason, carpenter
stagnarius;i;;;male;Petrikovits 1981a;8;83;Metal-Working;;solder, metal worker
stagnator;oris;;;male;Petrikovits 1981a;7;72;Metal-Working;;tin caster
stannator;oris;;;male;Petrikovits 1981a;7;72;Metal-Working;;tin caster
statuarius;i;;;male;Petrikovits 1981a;1;16;Plastic Arts;;a maker of statues, a statuary 
strophiarius;i;;;male;Petrikovits 1981a;1;16;Plastic Arts;;bust maker
structor;oris;;structor;male;Waltzing - Rome;9;95;Building;Wood worker;a builder, mason, carpenter
stuppator;oris;;;male;Petrikovits 1981a;8;81;Building;Wood worker;caulker, joiner
stuppatorius;i;;stuppatorius;male;Waltzing - Rome;4;45;Food-Retail;;seller of coarse flax, tow, oakum
suarius;i;;suarius;male;Waltzing - Rome;6;62;Food-Production;;pig breader
subactarius;i;;;male;Petrikovits 1981a;7;76;Clothing;;tanner
subaedanus;i;;;male;Petrikovits 1981b;5;54;Miscellaneous Services;;worker inside the house
subaedianus;i;;subaedianus;male;Waltzing - Rome;9;95;Building;Wood worker;carpenter ?
subaedius;i;;;male;Petrikovits 1981a;5;54;Miscellaneous Services;;worker inside the house
subedius;i;;;male;Petrikovits 1981a;5;54;Miscellaneous Services;;worker inside the house
subidianus;i;;subidianus;male;Waltzing - provinces;9;95;Building;Wood worker;carpenter ?
subonatris;is;;;female;Petrikovits 1981a;5;57;Miscellaneous Services;;female cosmetic assistant
subrutor;oris;;subrutor;male;Waltzing - Rome;9;99;Building;;demolisher
suffossor;oris;;;male;Petrikovits 1981a;7;71;Fuel / Raw material;;miner
suppostor;oris;;;male;Petrikovits 1981a;3;31;Finance;;coin maker
susceptor;oris;;susceptor;male;Waltzing - Rome;9;99;Miscellaneous Services;;one who undertakes any thing, contractor
sutor;oris;;sutor;male;Waltzing - Rome;8;80;Clothing;Shoe maker;a shoemaker, cobbler
sutriballus;i;;;male;Petrikovits 1981a;8;80;Clothing;Shoe maker;a shoemaker, cobbler
symphonicus;i;;symphonicus;male;Waltzing - Rome;1;17;Performing Arts;;of concerts, of music, musicmaker
tabernaclarius;i;;;male;Petrikovits 1981a;7;79;Miscellaneous Services;;tent maker
tabernacularius;i;;;male;Petrikovits 1981a;7;79;Miscellaneous Services;;tent maker
tabernarius;i;;tabernarius;male;Waltzing - Rome;4;45;Retail;;shopkeepers, small dealers
tector;oris;;tector;male;Waltzing - provinces;9;95;Building;;one that overlays walls with plaster, stucco, etc., a plasterer, pargeter
tegetarius;i;;;male;Petrikovits 1981a;7;79;Household Goods;;a mat-maker
tegularius;i;;;male;Petrikovits 1981a;9;95;Building;;a tile, roof-tile maker
tellionarius;i;;tellionarius;male;Waltzing - Rome;8;80;Clothing;;one who prepared skins for the use of soldiers
tentorarius;i;;;male;Petrikovits 1981a;7;79;Miscellaneous Services;;tent maker
tentorius;i;;;male;Petrikovits 1981a;7;79;Miscellaneous Services;;tent maker
tessalarius;i;;;male;Petrikovits 1981a;1;16;Plastic Arts;;mosaicer, maker of mosaic
tesselator;oris;;;male;Petrikovits 1981a;1;16;Plastic Arts;;mosaicer, maker of mosaic
tessellarius;i;;;male;Petrikovits 1981a;1;16;Plastic Arts;;mosaicer, maker of mosaic
tesserarius lignarius;i;;tesserarius;male;Petrikovits 1981a;8;81;Building;;unclear, cutter of small wooden pieces
testarius;i;;;male;Petrikovits 1981a;9;95;Building;;tile, brick maker
textor;oris;;;male;Petrikovits 1981a;7;75;Clothing;;weaver
textricula;ae;;;female;Petrikovits 1981a;7;75;Clothing;;a little (female) weaver
textrix;icis;;;female;Petrikovits 1981a;7;75;Clothing;;female weaver
tibiarius;i;;;male;Petrikovits 1981a;9;95;Transport;Maritime/water transport;fleet manufacturer, ship maker
tibicinus;i;;tibicinus;male;Waltzing - Rome;1;17;Performing Arts;;flute player
ticnarius;i;;;male;Petrikovits 1981a;9;95;Building;Wood worker;carpenter
tignarius;i;;tignarius;male;Waltzing - provinces;9;95;Building;Wood worker;carpenter
tignor;oris;;;male;Petrikovits 1981a;9;95;Building;Wood worker;carpenter
tignoserrarius;i;;;male;Petrikovits 1981a;8;81;Building;Wood worker;board/wood cutter
tignuarius;i;;;male;Petrikovits 1981a;9;95;Building;Wood worker;carpenter
tinctor;oris;;tinctor;male;Waltzing - Rome;7;75;Clothing;Colour production;a dyer
tomacularius;i;;;male;Petrikovits 1981a;7;77;Food-Production;;a sausage, liver-sausage maker, butcher
tonsillaria;ae;;;female;Petrikovits 1981a;5;57;Miscellaneous Services;;female hairdresser
tonsor;oris;;tonsor;male;Waltzing - Rome;5;57;Miscellaneous Services;;a shearer, clipper, shaver, hair-cutter, barber
tonstricula;ae;;;female;Petrikovits 1981a;5;57;Miscellaneous Services;;female hairdresser
tonstrix;icis;;;female;Petrikovits 1981a;5;55;Miscellaneous Services;;female hairdresser and shearers
topiarius;i;;;male;Petrikovits 1981a;5;55;Miscellaneous Services;;gardener, landscaper
torcularius;i;;;male;Petrikovits 1981a;5;56;Miscellaneous Services;;a presser, pressman
toreuta;ae;;;male;Petrikovits 1981a;1;16;Plastic Arts;;one who makes embossed work, a chaser, graver
toreutes;ae;;;male;Petrikovits 1981a;1;16;Plastic Arts;;one who makes embossed work, a chaser, graver
toreuticesis;esis;;;male;Petrikovits 1981a;8;83;Metal-Working;;unspecified metal worker
tornator;oris;;;male;Petrikovits 1981a;9;99;Miscellaneous Services;;a turner
tosillaria;ae;;;female;Petrikovits 1981a;5;57;Miscellaneous Services;;female hairdresser
tosor;oris;;;male;Petrikovits 1981a;5;57;Miscellaneous Services;;hairdresser and shearers
tostrix;icis;;;female;Petrikovits 1981a;5;57;Miscellaneous Services;;female hairdresser and shearers
tractator;oris;;;male;Petrikovits 1981a;0;6;Miscellaneous Services;;"A slave among the Romans, who manipulated and suppled his master's limbs while anointing them; a shampooer"
transvectuarius;i;;transvectuarius;male;Waltzing - provinces;0;4;Transport;Maritime/water transport;ship owner
trapezita;ae;;trapezita;male;Waltzing - provinces;3;33;Finance;;a money-changer
tribor argentarius;oris;;tribor;male;Petrikovits 1981a;8;88;Metal-Working;;silver polisher
trigalianus;i;;;male;Petrikovits 1981a;;;Unclassified;;unclear
triliciarius;i;;;male;Petrikovits 1981a;7;79;Clothing;;maker of three-thread fabric
tubarius;i;;;male;Petrikovits 1981a;8;83;Miscellaneous Services;Military;a trumpet, war-trumpet maker and distributor
tubularius;i;;;male;Petrikovits 1981a;8;87;Water-Management;;pipe maker
tudiator;oris;;;male;Petrikovits 1981a;7;71;Metal-Working;;miner, ore extractor
tussor;oris;;;male;Petrikovits 1981a;5;57;Miscellaneous Services;;hairdresser and shearers
uctor;oris;;;male;Petrikovits 1981a;5;57;Miscellaneous Services;;an anointer
unctor;oris;;unctor;male;Waltzing - Rome;5;57;Miscellaneous Services;;an anointer
unctrix;icis;;;female;Petrikovits 1981a;5;57;Miscellaneous Services;;female perfume or ointment maker
ungnetarius;i;;;male;Petrikovits 1981a;5;57;Miscellaneous Services;;perfume or ointment maker
unguentarius;i;;;male;Petrikovits 1981a;5;57;Miscellaneous Services;;perfume or ointment maker
urinator;oris;;urinator;male;Waltzing - Rome;6;64;Food-Production;;a fisherman
ursarus;i;;ursarus;male;Waltzing - provinces;6;64;Miscellaneous Services;;hunter of wild bears
ustor;oris;;;male;Petrikovits 1981a;5;59;Death-care sector;;mortician
utriclarius;i;;utriclarius;male;Waltzing - provinces;0;4;Transport;Maritime/water transport;a bagpiper, The master of a raft floated on bladders, used for ferriage
utricularius;i;;utricularius;male;Waltzing - provinces;0;4;Transport;Maritime/water transport;a bagpiper, The master of a raft floated on bladders, used for ferriage
valvarius;i;;;male;Petrikovits 1981a;8;81;Building;Wood worker;double-door maker
varietarius;i;;;male;Petrikovits 1981a;0;2;Building;;builder
vasarius;i;;;male;Petrikovits 1981a;8;83;Metal-Working;;barrel smith
vasclarius;i;;;male;Petrikovits 1981a;8;88;Metal-Working;;a worker in metals, whitesmith, goldsmith
vascularius;i;;vascularius;male;Waltzing - Rome;8;88;Metal-Working;;a worker in metals, whitesmith, goldsmith
vector;oris;;vector;male;Waltzing - Rome;9;97;Transport;Land transport;one who bears, a bearer, carrier
vecturarius;i;;vecturarius;male;Waltzing - Rome;3;36;Transport;Land transport;a driver
vehicularius;i;;;male;Petrikovits 1981a;9;97;Transport;Land transport;"of or belonging to carriages or vehicles; post"
venator;oris;;venator;male;Waltzing - Rome;6;64;Miscellaneous Services;;a hunter
vespillo;onis;;;male;Petrikovits 1981a;5;59;Death-care sector;;a corpse-bearer
vestiarius;i;;vestiarius;male;Waltzing - Rome;4;43;Retail;;a clothes-dealer
vestifex;icis;;;male;Petrikovits 1981a;7;79;Clothing;;tailor
vestificus;i;;;male;Petrikovits 1981a;7;79;Clothing;;tailor
vestiplex;icis;;;male;Petrikovits 1981a;7;79;Clothing;;a clothes-folder
vestiplicus;i;;;male;Petrikovits 1981a;7;79;Clothing;;a clothes-folder
vestitor;oris;;;male;Petrikovits 1981a;7;79;Clothing;;tailor
vestrix;icis;;;female;Petrikovits 1981a;8;88;Metal-Working;;gold weaver
veteramentarius;i;;;male;Petrikovits 1981a;8;95;Building;Stone worker;cobbler
veterarius;i;;;male;Petrikovits 1981a;9;99;Miscellaneous Services;;fixer of old things
vexillarius;i;;vexillarius;male;Waltzing - provinces;8;83;Miscellaneous Services;Military;a standard-bearer, maker
vietor;oris;;;male;Petrikovits 1981a;8;81;Household Goods;;basket weaver
viminarius;i;;;male;Petrikovits 1981a;8;81;Household Goods;;weaver
vinariarius;i;;vinariarius;male;Waltzing - Rome;4;43;Food-Retail;;a wine - dealer
vinarius;i;;vinarius;male;Waltzing - provinces;4;43;Food-Retail;;a wine-dealer, vintner
violarius;i;;violarius;male;Waltzing - Rome;7;75;Clothing;Colour production;a dyer of violet color
viridarius;i;;;male;Petrikovits 1981a;5;55;Miscellaneous Services;;gardener
vispillo;onis;;;male;Petrikovits 1981a;5;59;Death-care sector;;a corpse-bearer
vitor;oris;;;male;Petrikovits 1981a;8;81;Household Goods;;basket weaver
vitrarius;i;;;male;Petrikovits 1981b;8;89;Glass-Working;;glass manufacturer
vitrearius;i;;;male;Petrikovits 1981a;8;89;Glass-Working;;glass manufacturer
vitriarius;i;;;male;Petrikovits 1981a;8;89;Glass-Working;;glass manufacturer
zonarius;i;;;male;Petrikovits 1981a;7;79;Clothing;;belt maker
