Term	Translation_ENG	Translation_LSJ	Category_SHL	Category_HISCO_major	Category_HISCO_minor	Notes	Source	Latin_equivalent	Morphological_dictionary	
ἀγαλματοποιός	Statue maker		Stonework	1	16		Harris 2002		ἀγαλματοποιός, ἀγαλματοποιοῦ, ἀγαλματοποιῷ, ἀγαλματοποιόν, ἀγαλματοποιέ, ἀγαλματοποιοί, ἀγαλματοποιοῖν, ἀγαλματοποιοί, ἀγαλματοποιῶν, ἀγαλματοποιοῖς, ἀγαλματοποιούς	
ἀγγειουργός	Jar maker		Ceramics	8	89		Harris 2002		ἀγγειουργός, ἀγγειουργοῦ, ἀγγειουργῷ, ἀγγειουργόν, ἀγγειουργέ, ἀγγειουργώ, ἀγγειουργοῖν, ἀγγειουργοί, ἀγγειουργῶν, ἀγγειουργοῖς, ἀγγειουργούς	
ἀγκιστροπώλης	Seller of fish hooks		Tools	4	45		Lewis 2020		ἀγκιστροπώλης, ἀγκιστροπώλου, ἀγκιστροπώλῃ, ἀγκιστροπώλην, ἀγκιστροπῶλ, ἀγκιστροπώλω, ἀγκιστροπωλοῖν, ἀγκιστροπῶλαι, ἀγκιστροπωλῶν, ἀγκιστροπώλαις, ἀγκιστροπώλας	
αἴπολος	Goatherd		Agriculture, Animal Husbandry	6	61		Harris 2002		αἴπολος, αἰπόλου, αἰπόλῳ, αἰπόλον, αἴπολε, αἰπόλω, αἰπόλοιν, αἰπόλοι, αἰπόλων, αἰπόλοις, αἰπόλους	
ἀκέστρια	Seamstress		Textiles	7	79		Harris 2002		ἀκέστρια, ἀκεστρίας, ἀκεστρίᾳ, ἀκέστριαν, ἀκέστριᾱ, ἀκεστρίᾱ, ἀκεστρίαιν, ἀκέστριαι, ἀκεστριῶν, ἀκεστρίαις, ἀκεστρίας	
ἀλεκτρυοπώλης	Poulterer	No Translation	Agriculture, Animal Husbandry	6	62		Lewis 2020		ἀλεκτρυοπώλης, ἀλεκτρυοπώλου, ἀλεκτρυοπώλῃ, ἀλεκτρυοπώλην, ἀλεκτρυοπῶλ, ἀλεκτρυοπώλω, ἀλεκτρυοπώλοιν, ἀλεκτρυοπῶλαι, ἀλεκτρυοπώλων, ἀλεκτρυοπώλαις, ἀλεκτρυοπώλας	
ἁλιεύς	Fisherman		Seafaring/Maritime	9	98		Harris 2002		ἁλιεύς, ἁλιέως, ἁλιεῖ, ἁλιέα, ἁλιεῦ, ἁλιεῖ, ἁλιεύοιν, ἁλιεῖς, ἁλιέων, ἁλιεῦσιν, ἁλιεῖς	
ἀλλαντοπώλης	Sausage Seller		Food Preparation and Retail	4	45		Harris 2002		ἀλλαντοπώλης, ἀλλαντοπώλου, ἀλλαντοπώλῃ, ἀλλαντοπώλην, ἀλλαντοπῶλ, ἀλλαντοπώλω, ἀλλαντοπώλοιν, ἀλλαντοπῶλαι, ἀλλαντοπωλῶν, ἀλλαντοπώλαις, ἀλλαντοπώλας	
ἁλουργοπώλης	Dealer in purple dye		Textiles	7	75		Lewis 2020		ἁλουργοπώλης, ἁλουργοπώλου, ἁλουργοπώλῃ, ἁλουργοπώλην, ἁλουργοπῶλ, ἁλουργοπώλω, ἁλουργοπώλοιν, ἁλουργοπῶλαι, ἁλουργοπώλων, ἁλουργοπώλαις, ἁλουργοπώλας	
ἁμαξουργός	Cartwright		Woodwork	7	73		Lewis 2020		ἁμαξουργός, ἁμαξουργοῦ, ἁμαξουργῷ, ἁμαξουργόν, ἁμαξουργέ, ἁμαξουργώ, ἁμαξουργοῖν, ἁμαξουργοί, ἁμαξουργῶν, ἁμαξουργοῖς, ἁμαξουργούς	
ἀμόργινος	Amorgan-technique linen worker		Textiles	7	75		Harris 2002		ἀμόργινος, ἀμόργινου, ἀμόργινῳ, ἀμόργινον, ἀμόργινε, ἀμόργινω, ἀμόργινοιν, ἀμόργινοι, ἀμόργινων, ἀμόργινοις, ἀμόργινους	
ἀμπελουργός	Vine Dresser	Vine-Dressing	Agriculture, Animal Husbandry	6	61		Harris 2002		ἀμπελουργός, ἀμπελουργοῦ, ἀμπελουργῷ, ἀμπελουργόν, ἀμπελουργέ, ἀμπελουργώ, ἀμπελουργοῖν, ἀμπελουργοί, ἀμπελουργῶν, ἀμπελουργοῖς, ἀμπελουργούς	
ἀμφορεαφόρος	Amphora-bearer		Transport	9	98		Harris 2002		ἀμφορεαφόρος, ἀμφορεαφόρου, ἀμφορεαφόρῳ, ἀμφορεαφόρον, ἀμφορεαφόρε, ἀμφορεαφόρω, ἀμφορεαφόροιν, ἀμφορεαφόροι, ἀμφορεαφόρων, ἀμφορεαφόροις, ἀμφορεαφόρους	
ἀνδραποδοκάπηλος	Slave dealer		Miscellaneous Retail	4	49		Lewis 2020		ἀνδραποδοκάπηλος, ἀνδραποδοκάπηλου, ἀνδραποδοκάπηλῳ, ἀνδραποδοκάπηλον, ἀνδραποδοκάπηλε, ἀνδραποδοκάπηλω, ἀνδραποδοκάπηλοιν, ἀνδραποδοκάπηλοι, ἀνδραποδοκάπηλων, ἀνδραποδοκάπηλοις, ἀνδραποδοκάπηλους	
ἀνδραποδώνης	Slave dealer		Miscellaneous Retail	4	49		Lewis 2020		ἀνδραποδώνης, ἀνδραποδώνου, ἀνδραποδώνῃ, ἀνδραποδώνην, ἀνδραποδῶνα, ἀνδραποδώνε, ἀνδραποδῶνε, ἀνδραποδῶνοι, ἀνδραποδώνων, ἀνδραποδῶνοις, ἀνδραποδῶνας	
ἀνδριαντοποιός	Statue maker		Stonework	1	16		Harris 2002		ἀνδριαντοποιός, ἀνδριαντοποιοῦ, ἀνδριαντοποιῷ, ἀνδριαντοποιόν, ἀνδριαντοποιέ, ἀνδριαντοποιοί, ἀνδριαντοποιοῖν, ἀνδριαντοποιοί, ἀνδριαντοποιῶν, ἀνδριαντοποιοῖς, ἀνδριαντοποιούς	
ἀνθρακεύς	Charcoal maker		Fuel and Raw Materials	7	71		Harris 2002		ἀνθρακεύς, ἀνθρακέως, ἀνθρακεῖ, ἀνθρακέα, ἀνθρακεῦ, ἀνθρακεῖν, ἀνθρακέες, ἀνθρακεῶν, ἀνθρακεῦσι, ἀνθρακεῖς	
ἀνθρακοπώλης	Charcoal dealer		Fuel and Raw Materials	7	71		Harris 2002		ἀνθρακοπώλης, ἀνθρακοπώλου, ἀνθρακοπώλῃ, ἀνθρακοπώλην, ἀνθρακοπῶλ, ἀνθρακοπώλω, ἀνθρακοπώλοιν, ἀνθρακοπῶλαι, ἀνθρακοπώλων, ἀνθρακοπώλαις, ἀνθρακοπώλας	
ἀργυρογνώμων	Assayer of silver		Metalwork	7	72		Lewis 2020		ἀργυρογνώμων, ἀργυρογνώμονος, ἀργυρογνώμονι, ἀργυρογνώμονα, ἀργυρογνώμονες, ἀργυρογνώμονον, ἀργυρογνώμονε	
ἀργυροκοπεῖον	Silversmith (shop)		Metalwork	7	72		Harris 2002		ἀργυροκοπεῖον, ἀργυροκοπεῖου, ἀργυροκοπεῖῳ, ἀργυροκοπεῖον, ἀργυροκοπεῖα, ἀργυροκοπεῖων, ἀργυροκοπεῖοις	
ἀργυροκόπος	Coin minter		Metalwork	7	72		Harris 2002		ἀργυροκόπος, ἀργυροκόπου, ἀργυροκόπῳ, ἀργυροκόπον, ἀργυροκόποι, ἀργυροκόπων, ἀργυροκόποις	
ἁρματοπηγός	Chariot maker		Woodwork	7	73		Lewis 2020		ἁρματοπηγός, ἁρματοπηγοῦ, ἁρματοπηγῷ, ἁρματοπηγόν, ἁρματοπηγέ, ἁρματοπηγώ, ἁρματοπηγοῖν, ἁρματοπηγοί, ἁρματοπηγῶν, ἁρματοπηγοῖς, ἁρματοπηγούς	
ἀρτοκόπος	Baker		Food Preparation and Retail	5	53		Harris 2002		ἀρτοκόπος, ἀρτοκόπου, ἀρτοκόπῳ, ἀρτοκόπον, ἀρτοκόποι, ἀρτοκόπων, ἀρτοκόποις	
ἀρτοποιός	Baker		Food Preparation and Retail	5	53		Harris 2002	panificus	ἀρτοποιός, ἀρτοποιοῦ, ἀρτοποιῷ, ἀρτοποιόν, ἀρτοποιοί, ἀρτοποιῶν, ἀρτοποιοῖς	
ἀρτοπώλης	Bread Seller	Baker	Food Preparation and Retail	5	51		Harris 2002		ἀρτοπώλης, ἀρτοπώλου, ἀρτοπώλῃ, ἀρτοπώλην, ἀρτοπῶλαι, ἀρτοπώλων, ἀρτοπώλαις	
ἀρτόπωλις	Bread Seller	Baker	Food Preparation and Retail	5	51		Harris 2002		ἀρτόπωλις, ἀρτοπώλεως, ἀρτοπώλει, ἀρτόπωλιν, ἀρτόπωλες, ἀρτοπωλέων, ἀρτοπώλεις	
ἀρχιτέκτων	Architect		Construction	0	2		Harris 2002		ἀρχιτέκτων, ἀρχιτέκτονος, ἀρχιτέκτονι, ἀρχιτέκτονα, ἀρχιτέκτονες, ἀρχιτεκτόνων, ἀρχιτέκτοσι	
ἀσκοποιός	Wineskin maker		Leatherwork and Footwear	8	80		Harris 2002		ἀσκοποιός, ἀσκοποιοῦ, ἀσκοποιῷ, ἀσκοποιόν, ἀσκοποιοί, ἀσκοποιῶν, ἀσκοποιοῖς	
ἀσκοπώλης	Wineskin maker		Leatherwork and Footwear	8	80		Harris 2002		ἀσκοπώλης, ἀσκοπώλου, ἀσκοπώλῃ, ἀσκοπώλην, ἀσκοπῶλαι, ἀσκοπώλων, ἀσκοπώλαις	
ἀσκοφόρος	Wineskin maker		Leatherwork and Footwear	8	80		Harris 2002		ἀσκοφόρος, ἀσκοφόρου, ἀσκοφόρῳ, ἀσκοφόρον, ἀσκοφόρε, ἀσκοφόρω, ἀσκοφόροιν, ἀσκοφόροι	
ἀσπιδοπηγός	Shield maker		Armaments	7	72		Harris 2002		ἀσπιδοπηγός, ἀσπιδοπηγοῦ, ἀσπιδοπηγῷ, ἀσπιδοπηγόν, ἀσπιδοπηγέ, ἀσπιδοπηγοῖ	
αὐλοποιός	Aulos maker		Musical Instruments	8	81		Harris 2002		αὐλοποιός, αὐλοποιοῦ, αὐλοποιῷ, αὐλοποιόν, αὐλοποιοί, αὐλοποιῶν, αὐλοποιοῖς	
αὐλοτρύπης	Aulos maker		Musical Instruments	8	81		Harris 2002		αὐλοτρύπης, αὐλοτρύπου, αὐλοτρύπῃ, αὐλοτρύπην, αὐλοτρύπες, αὐλοτρυπῶν, αὐλοτρύπαις	
βάπτρια	Dyer		Textiles	7	75		Harris 2002		βάπτρια, βαπτρίας, βαπτρίᾳ, βάπτριαν, βάπτριαι, βαπτριῶν, βαπτρίαις	
βαφεύς	Dyer		Textiles	7	75		Harris 2002		βαφεύς, βαφέως, βαφεῖ, βαφέα, βαφεῖς, βαφέων, βαφεῦσι	
βελονοπώλης	Needle seller		Miscellaneous Retail	4	45		Harris 2002		βελονοπώλης, βελονοπώλου, βελονοπώλῃ, βελονοπώλην, βελονοπῶλαι, βελονοπώλων, βελονοπώλαις	
βελονόπωλις	Needle seller	No Translation	Miscellaneous Retail	4	45		Harris 2002		βελονόπωλις, βελονοπώλεως, βελονοπώλει, βελονόπωλιν, βελονόπωλες, βελονοπωλέων, βελονοπώλεις	
βιβλιαγράφος	scrivener		Writing and the Book Trade	3	30		Lewis 2020		βιβλιαγράφος, βιβλιαγράφου, βιβλιαγράφῳ, βιβλιαγράφονα, βιβλιαγράφος, βιβλιαγράφων	
βιβλιοπώλης	Bookseller		Writing and the Book Trade	4	45		Harris 2002		βιβλιοπώλης, βιβλιοπώλου, βιβλιοπώλῃ, βιβλιοπώλην, βιβλιοπῶλαι, βιβλιοπώλων, βιβλιοπώλαις	
βουκάπηλος	Cattle Dealer		Agriculture, Animal Husbandry	6	62		Lewis 2020		βουκάπηλος, βουκάπηλου, βουκάπηλῳ, βουκάπηλον, βουκάπηλοι, βουκαπήλων, βουκάπηλοις	
βούκολος	Cowherd		Agriculture, Animal Husbandry	6	61		Harris 2002		βούκολος, βουκόλου, βουκόλῳ, βουκόλον, βούκολες, βουκόλων, βουκόλοις	
βουφορβός	Cowherd	Herd of Oxen	Agriculture, Animal Husbandry	6	61		Harris 2002		βουφορβός, βουφορβοῦ, βουφορβῷ, βουφορβόν, βουφορβοῖν, βουφορβοῖ	
βυρσοδέψης	Tanner		Leatherwork and Footwear	7	76		Harris 2002		βυρσοδέψης, βυρσοδέψης, βυρσοδέψῃ, βυρσοδέψης, βυρσοδέψων, βυρσοδεψῶν	
βυρσοπώλης	Leather seller		Leatherwork and Footwear	4	45		Harris 2002		βυρσοπώλης, βυρσοπώλου, βυρσοπώλῃ, βυρσοπώλην, βυρσοπῶλαι, βυρσοπώλων, βυρσοπώλαις	
γελγοπώλης	Garlic Seller		Food Preparation and Retail	4	45		Harris 2002		γελγοπώλης, γελγοπώλου, γελγοπώλῃ, γελγοπώλην, γελγοπῶλαι, γελγοπώλων, γελγοπώλαις	
γεωμέτρης	Surveyor		Construction	0	3		Harris 2002		γεωμέτρης, γεωμέτρου, γεωμέτρῃ, γεωμέτρην, γεωμέτραις, γεωμέτρων	
γεωργός	Farmer	Husbandman	Agriculture, Animal Husbandry	6	61		Harris 2002		γεωργός, γεωργοῦ, γεωργῷ, γεωργόν, γεωργοί, γεωργῶν, γεωργοῖς	
γναφαλλουφάντης	Flock weaver		Textiles	7	75		Harris 2002		γναφαλλουφάντης, γναφαλλουφάντου, γναφαλλουφάντῃ, γναφαλλουφάντην, γναφαλλουφάντων, γναφαλλουφάνταις	
γναφεύς	Fuller		Textiles	7	75		Harris 2002		γναφεύς, γναφέως, γναφεῖ, γναφέα, γναφεῖς, γναφέων, γναφεῦσι	
γραμματικός	Grammarian		Literature and Scholarship	1	13		Harris 2002		γραμματικός, γραμματικοῦ, γραμματικῷ, γραμματικόν, γραμματικοί, γραμματικῶν, γραμματικοῖς	
γραμματιστής	Elementary school teacher		Education and Training	1	13		Harris 2002		γραμματιστής, γραμματιστοῦ, γραμματιστῷ, γραμματιστὴν, γραμματιστῶν	
γραφεύς	Scrivener/copyist		Writing and the Book Trade	3	30		Lewis 2020		γραφεύς, γραφέως, γραφεῖ, γραφέα, γραφεῖς, γραφέων, γραφεῦσι	
δαιδοσχίστης	Pine torch cutter		Fuel and Raw Materials	7	71		Lewis 2020		δαιδοσχίστης, δαιδοσχίστης, δαιδοσχίστῃ, δαιδοσχίστης, δαιδοσχίστουν, δαιδοσχίστου	
δακτυλιογύφος	Gem engraver		Jewellery	8	88		Harris 2002		δακτυλιογύφος, δακτυλιογύφου, δακτυλιογύφῳ, δακτυλιογύφον, δακτυλιογύφονος	
δακτυλιουργός	Ring maker		Jewellery	8	88		Harris 2002		δακτυλιουργός, δακτυλιουργοῦ, δακτυλιουργῷ, δακτυλιουργόν, δακτυλιουργοῖν, δακτυλιουργοί	
δαφνοπώλης	Laurel seller	Bay-Seller	Miscellaneous Retail	4	45		Lewis 2020		δαφνοπώλης, δαφνοπώλου, δαφνοπώλῃ, δαφνοπώλην, δαφνοπῶλαι, δαφνοπώλων, δαφνοπώλαις	
δειπνοποιός	Caterer		Food Preparation and Retail	5	51		Harris 2002		δειπνοποιός, δειπνοποιοῦ, δειπνοποιῷ, δειπνοποιόν, δειπνοποιοί, δειπνοποιῶν, δειπνοποιοῖς	
διδάσκαλος	Teacher		Education and Training	1	13		Harris 2002		διδάσκαλος, διδασκάλου, διδασκάλῳ, διδασκάλον, διδάσκαλοι, διδασκάλων, διδασκάλοις	
δικτυοπλόκος	Net maker		Cordage and Basketry	7	71		Lewis 2020		δικτυοπλόκος, δικτυοπλόκου, δικτυοπλόκῳ, δικτυοπλόκον, δικτυοπλόκε	
διφθεροπώλης	Leather seller		Leatherwork and Footwear	4	45		Harris 2002		διφθεροπώλης, διφθεροπώλου, διφθεροπώλῃ, διφθεροπώλην, διφθεροπῶλαι	
δοιδυκοποιός	Pestle maker		Woodwork	7	73		Harris 2002		δοιδυκοποιός, δοιδυκοποιοῦ, δοιδυκοποιῷ, δοιδυκοποιόν, δοιδυκοποιοί	
δορυξός	Spear maker		Armaments	7	72		Harris 2002		δορυξός, δορυξοῦ, δορυξῷ, δορυξόν, δορυξέ	
δραπεταγωγός	runaway catcher		Miscellaneous Retail				Lewis 2020		δραπεταγωγός, δραπεταγωγοῦ, δραπεταγωγῷ, δραπεταγωγόν, δραπεταγωγοί	
δρεπανουργός	Sickle maker		Tools	8	83		Harris 2002		δρεπανουργός, δρεπανουργοῦ, δρεπανουργῷ, δρεπανουργόν, δρεπανουργέ	
ἐγκριδοπώλης	Honey Cake Seller		Food Preparation and Retail	5	51		Lewis 2020		ἐγκριδοπώλης, ἐγκριδοπώλου, ἐγκριδοπώλῃ, ἐγκριδοπώλην, ἐγκριδοπῶλαι	
εἰροπλόκος	Wool weaver or plaiter		Textiles	7	76		Harris 2002		εἰροπλόκος, εἰροπλόκου, εἰροπλόκῳ, εἰροπλόκον, εἰροπλόκε	
ἐλαιοκόμος	Olive Picker/Tender	Olive Rearer	Agriculture, Animal Husbandry	6	61		Harris 2002		ἐλαιοκόμος, ἐλαιοκόμου, ἐλαιοκόμῳ, ἐλαιοκόμον, ἐλαιοκόμε	
ἐλαιολόγος	Olive Picker/Tender	Olive-Gatherer	Agriculture, Animal Husbandry	6	61		Harris 2002		ἐλαιολόγος, ἐλαιολόγου, ἐλαιολόγῳ, ἐλαιολόγον, ἐλαιολόγε	
ἔμπορος	Maritime trader		Seafaring/Maritime	4	41		Harris 2002		ἔμπορος, ἐμπόρου, ἐμπόρῳ, ἔμπορον, ἔμπορε	
ἐπίγραμμα	Epigrammatist		Drama and Entertainment	1	17		Harris 2002		ἐπίγραμμα, ἐπιγράμματος, ἐπιγράμματι, ἐπίγραμμα	
ἔριθος	Woolworker		Textiles	7	76		Harris 2002		ἔριθος, ἐρίθου, ἐρίθῳ, ἔριθον, ἔριθε	
ἐριοπώλης	Wool seller		Textiles	4	45		Harris 2002		ἐριοπώλης, ἐριοπώλου, ἐριοπώλῃ, ἐριοπώλην, ἐριοπῶλαι	
ἑρμογλύφευς	Herm carver		Woodwork	7	73		Lewis 2020		ἑρμογλύφευς, ἑρμογλύφεως, ἑρμογλύφεῑ, ἑρμογλύφεα, ἑρμογλύφεες	
ζευγότροφος	Teamster		Agriculture, Animal Husbandry	6	61		Harris 2002		ζευγότροφος, ζευγοτρόφου, ζευγοτρόφῳ, ζευγότροφα, ζευγοτρόφοι, ζευγοτρόφων	
ζυγοποιός	Yoke maker		Woodwork	7	73		Lewis 2020		ζυγοποιός, ζυγοποιοῦ, ζυγοποιῷ, ζυγοποιόν, ζυγοποιοί, ζυγοποιῶν, ζυγοποιοῖς	
ἡδύοιονος	Sweet Wine Dealer	No Translation	Food Preparation and Retail	4	45		Harris 2002		ἡδύοιονος, ἡδυοιόνου, ἡδυοιόνῳ, ἡδύοιονον, ἡδύοιονοι	
ἡνιοποιεῖον	Bridle maker		Leatherwork and Footwear	8	80		Harris 2002		ἡνιοποιεῖον, ἡνιοποιεῖου, ἡνιοποιεῖῳ, ἡνιοποιεῖον, ἡνιοποιεῖα	
ἡνίοχος	charioteer		Transport	9	98		Lewis 2020		ἡνίοχος, ἡνιόχου, ἡνιόχῳ, ἡνίχονα, ἡνίοχες, ἡνιόχων	
θαυματοποιός	street fair entertainer/ puppeteer		Drama and Entertainment	1	17		Lewis 2020		θαυματοποιός, θαυματοποιοῦ, θαυματοποιῷ, θαυματοποιόν, θαυματοποιοί, θαυματοποιῶν	
θεατής	Spectator		Drama and Entertainment	1	19		Harris 2002		θεατής, θεατοῦ, θεατῇ, θεατήν, θεαταῖς, θεατῶν	
θεατροπώλης	Seller of theatre tickets		Miscellaneous Retail	4	45		Lewis 2020		θεατροπώλης, θεατροπώλου, θεατροπώλῃ, θεατροπώλην, θεατροπῶλαι, θεατροπώλων	
θυροποιός	Door maker		Woodwork	7	73		Lewis 2020		θυροποιός, θυροποιοῦ, θυροποιῷ, θυροποιόν, θυροποιοί, θυροποιῶν	
θωρακοποιός	Cuirass maker		Armaments	7	72		Harris 2002		θωρακοποιός, θωρακοποιοῦ, θωρακοποιῷ, θωρακοποιόν, θωρακοποιοί, θωρακοποιῶν	
ἱματιοπώλης	Clothes dealer		Textiles	4	45		Harris 2002		ἱματιοπώλης, ἱματιοπώλου, ἱματιοπώλῃ, ἱματιοπώλην, ἱματιοπῶλαι, ἱματιοπώλων	
ἱματιόπωλις	Clothes dealer		Textiles	4	45		Harris 2002		ἱματιόπωλις, ἱματιοπωλέως, ἱματιοπωλεῖ, ἱματιόπωλιν, ἱματιόπωλες, ἱματιοπωλέων	
ἰπνοπλάθης	Oven maker		Ceramics	8	89		Lewis 2020		ἰπνοπλάθης, ἰπνοπλάθου, ἰπνοπλάθῃ, ἰπνοπλάθην, ἰπνοπλάθες, ἰπνοπλάθων	
ἰπνοπλάθος	Oven maker		Ceramics	8	89		Lewis 2020		ἰπνοπλάθος, ἰπνοπλάθου, ἰπνοπλάθῳ, ἰπνοπλάθην, ἰπνοπλάθοι, ἰπνοπλάθων	
ἱππικός	Riding trainer		Education and Training	1	18		Harris 2002		ἱππικός, ἱππικοῦ, ἱππικῷ, ἱππικόν, ἱππικοί, ἱππικῶν	
ἱπποδρόμος	Charioteer		Sports and Competition	1	18		Harris 2002		ἱπποδρόμος, ἱπποδρόμου, ἱπποδρόμῳ, ἱπποδρόμον, ἱπποδρόμοι, ἱπποδρόμων, ἱπποδρόμοις	
ἱστιορράφος	Sail stitcher		Textiles	7	79		Lewis 2020		ἱστιορράφος, ἱστιορράφου, ἱστιορράφῳ, ἱστιορράφον, ἱστιορράφοι, ἱστιορράφων, ἱστιορράφοις	
ἰσχαδοπώλης	Seller of Dried Figs		Food Preparation and Retail	4	45		Lewis 2020		ἰσχαδοπώλης, ἰσχαδοπώλου, ἰσχαδοπώλῃ, ἰσχαδοπώλην, ἰσχαδοπῶλαι, ἰσχαδοπώλων, ἰσχαδοπώλαις	
ἰτριοπώλης	Cake Seller		Food Preparation and Retail	5	51		Lewis 2020		ἰτριοπώλης, ἰτριοπώλου, ἰτριοπώλῃ, ἰτριοπώλην, ἰτριοπῶλαι, ἰτριοπώλων, ἰτριοπώλαις	
ἰχθυοπώλης	Fishmonger		Food Preparation and Retail	4	45		Harris 2002		ἰχθυοπώλης, ἰχθυοπώλου, ἰχθυοπώλῃ, ἰχθυοπώλην, ἰχθυοπῶλαι, ἰχθυοπώλων, ἰχθυοπώλαις	
καναβιουργός	Maker of frames (?)		Woodwork	7	73		Harris 2002		καναβιουργός, καναβιουργοῦ, καναβιουργῷ, καναβιουργόν, καναβιουργοί, καναβιουργῶν, καναβιουργοῖς	
καπηλίς	Retailer		Miscellaneous Retail	4	49		Harris 2002		καπηλίς, καπηλίδος, καπηλίδι, καπηλίδα, καπηλίδες, καπηλίδων, καπηλίσιν	
κάπηλος	Retailer		Miscellaneous Retail	4	49		Harris 2002		κάπηλος, καπήλου, καπήλῳ, κάπηλον, κάπηλοι, καπήλων, καπήλοις	
καρυοπώλης	Nut Seller		Food Preparation and Retail	4	45		Harris 2002		καρυοπώλης, καρυοπώλου, καρυοπώλῃ, καρυοπώλην, καρυοπῶλαι, καρυοπώλων, καρυοπώλαις	
καυλοπώλης	Greengrocer		Food Preparation and Retail	4	45		Lewis 2020		καυλοπώλης, καυλοπώλου, καυλοπώλῃ, καυλοπώλην, καυλοπῶλαι, καυλοπώλων, καυλοπώλαις	
κεκρυφαλοπλόκος	Hairnet maker		Textiles	7	79		Lewis 2020		κεκρυφαλοπλόκος, κεκρυφαλοπλόκου, κεκρυφαλοπλόκῳ, κεκρυφαλοπλόκον, κεκρυφαλοπλόκοι, κεκρυφαλοπλόκων	
κελευστής	Rowing master		Seafaring/Maritime	9	98		Harris 2002		κελευστής, κελευστοῦ, κελευστῇ, κελευστήν, κελευσταί, κελευστῶν, κελευσταῖς	
κεραμεύς	Potter		Ceramics	8	89		Harris 2002		κεραμεύς, κεραμέως, κεραμεῖ, κεραμέα, κεραμεῖς, κεραμέων, κεραμεῦσι	
κεραμοπώλης	Pot seller		Ceramics	4	45		Lewis 2020		κεραμοπώλης, κεραμοπώλου, κεραμοπώλῃ, κεραμοπώλην, κεραμοπῶλαι, κεραμοπώλων, κεραμοπώλαις	
κηπουρός	Market Gardener	Gardener	Agriculture, Animal Husbandry	6	62		Harris 2002		κηπουρός, κηποῦρου, κηποῦρῳ, κηποῦρον, κηποῦροι, κηπουρῶν, κηπουροῖς	
κηπωρός	Market Gardener	No Translation	Agriculture, Animal Husbandry	6	62		Harris 2002		κηπωρός, κηπωροῦ, κηπωρῷ, κηπωρόν, κηπωροί, κηπωρῶν, κηπωροῖς	
κιθαριστής	Kithara teacher/player		Education and Training	1	13		Harris 2002		κιθαριστής, κιθαριστοῦ, κιθαριστῇ, κιθαριστήν, κιθαρισταί, κιθαριστῶν, κιθαρισταῖς	
κλινοποιός	Furniture maker		Woodwork	9	95		Harris 2002		κλινοποιός, κλινοποιοῦ, κλινοποιῷ, κλινοποιόν, κλινοποιοί, κλινοποιῶν, κλινοποιοῖς	
κοιλοπώλης	tripe seller		Food Preparation and Retail	4	45		Lewis 2020		κοιλοπώλης, κοιλοπώλου, κοιλοπώλῃ, κοιλοπώλην, κοιλοπῶλαι, κοιλοπώλων, κοιλοπώλαις	
κολλοπώλης	Glue seller		Miscellaneous Retail	4	45		Lewis 2020		κολλοπώλης, κολλοπώλου, κολλοπώλῃ, κολλοπώλην, κολλοπῶλαι, κολλοπώλων, κολλοπώλαις	
κοπρολόγος	Dung collector		Transport	9	98		Harris 2002		κοπρολόγος, κοπρολόγου, κοπρολόγῳ, κοπρολόγον, κοπρολόγοι, κοπρολόγων, κοπρολόγοις	
κοροπλάθος	Coroplast		Ceramics	8	89		Lewis 2020		κοροπλάθος, κοροπλάθου, κοροπλάθῳ, κοροπλάθον, κοροπλάθοι, κοροπλάθων, κοροπλάθοις	
κοσκινοποιός	Sieve maker		Tools	8	83		Lewis 2020		κοσκινοποιός, κοσκινοποιοῦ, κοσκινοποιῷ, κοσκινοποιόν, κοσκινοποιοί, κοσκινοποιῶν, κοσκινοποιοῖς	
κοσκινοπώλης	Sieve seller		Tools	8	83		Lewis 2020		κοσκινοπώλης, κοσκινοπώλου, κοσκινοπώλῃ, κοσκινοπώλην, κοσκινοπῶλαι, κοσκινοπώλων, κοσκινοπώλαις	
κρανοποιός	Helmet maker		Armaments	7	72		Harris 2002		κρανοποιός, κρανοποιοῦ, κρανοποιῷ, κρανοποιόν, κρανοποιοί, κρανοποιῶν, κρανοποιοῖς	
κρεοπώλης	Butcher		Food Preparation and Retail	6	62		Harris 2002		κρεοπώλης, κρεοπώλου, κρεοπώλῃ, κρεοπώλην, κρεοπῶλαι, κρεοπώλων, κρεοπώλαις	
κριθοπώλης	Grain Dealer	Barley Dealer	Food Preparation and Retail	4	41		Harris 2002		κριθοπώλης, κριθοπώλου, κριθοπώλῃ, κριθοπώλην, κριθοπῶλαι, κριθοπώλων, κριθοπώλαις	
κροκοπώλης	Saffron Seller	No Translation	Food Preparation and Retail	4	45		Lewis 2020		κροκοπώλης, κροκοπώλου, κροκοπώλῃ, κροκοπώλην, κροκοπῶλαι, κροκοπώλων, κροκοπώλαις	
κρομμυοπώλης	Onion Seller		Food Preparation and Retail	4	45		Harris 2002		κρομμυοπώλης, κρομμυοπώλου, κρομμυοπώλῃ, κρομμυοπώλην, κρομμυοπῶλαι, κρομμυοπώλων, κρομμυοπώλαις	
κτενοπώλης	Comb seller		Miscellaneous Retail	4	49		Lewis 2020		κτενοπώλης, κτενοπώλου, κτενοπώλῃ, κτενοπώλην, κτενοπῶλαι, κτενοπώλων, κτενοπώλαις	
κυβερνήτης	Helmsman		Seafaring/Maritime	9	98		Harris 2002		κυβερνήτης, κυβερνήτου, κυβερνήτῃ, κυβερνήτην, κυβερνῆται, κυβερνητῶν, κυβερνήταις	
κυμινοπώλης	Cumin Seller		Food Preparation and Retail	4	45		Harris 2002		κυμινοπώλης, κυμινοπώλου, κυμινοπώλῃ, κυμινοπώλην, κυμινοπῶλαι, κυμινοπώλων, κυμινοπώλαις	
κυρηβιοπώλης	Chaff seller		Miscellaneous Retail	4	45		Lewis 2020		κυρηβιοπώλης, κυρηβιοπώλου, κυρηβιοπώλῃ, κυρηβιοπώλην, κυρηβιοπῶλαι, κυρηβιοπώλων, κυρηβιοπώλαις	
κωμῳδοποιός	Comic poet/playwright		Drama and Entertainment	1	17		Harris 2002		κωμῳδοποιός, κωμῳδοποιοῦ, κωμῳδοποιῷ, κωμῳδοποιόν, κωμῳδοποιοί, κωμῳδοποιῶν, κωμῳδοποιοῖς	
λαχανόπολις	Greengrocer	No Translation	Food Preparation and Retail	4	45		Lewis 2020		λαχανόπολις, λαχανοπώλεως, λαχανοπώλει, λαχανόπωλιν, λαχανοπώλες, λαχανοπωλέων, λαχανοπώλεις	
λεκιθοπώλης	Pulse Seller	Peasepudding-seller	Food Preparation and Retail	4	45		Harris 2002		λεκιθοπώλης, λεκιθοπώλου, λεκιθοπώλῃ, λεκιθοπώλην, λεκιθοπῶλαι, λεκιθοπώλων, λεκιθοπώλαις	
ληκυθοπώλης	Oil flask seller		Ceramics	4	45		Lewis 2020		ληκυθοπώλης, ληκυθοπώλου, ληκυθοπώλῃ, ληκυθοπώλην, ληκυθοπῶλαι, ληκυθοπώλων, ληκυθοπώλαις	
λιβανοπώλης	Incense seller		Perfumes, Aromatics, and Nostrums	4	45		Harris 2002		λιβανοπώλης, λιβανοπώλου, λιβανοπώλῃ, λιβανοπώλην, λιβανοπῶλαι, λιβανοπώλων, λιβανοπώλαις	
λιβανοτοπώλης	Incense seller		Perfumes, Aromatics, and Nostrums	4	45		Harris 2002		λιβανοτοπώλης, λιβανοτοπώλου, λιβανοτοπώλῃ, λιβανοτοπώλην, λιβανοτοπῶλαι, λιβανοτοπώλων, λιβανοτοπώλαις	
λιβανοτόπωλις	Incense seller		Perfumes, Aromatics, and Nostrums	4	45		Harris 2002		λιβανοτόπωλις, λιβανοτοπωλέως, λιβανοτοπωλεῖ, λιβανοτόπωλιν, λιβανοτοπωλέων, λιβανοτοπώλεις	
λιθοκόπος	Stonecutter/quarryman		Stonework	8	82		Harris 2002		λιθοκόπος, λιθοκόπου, λιθοκόπῳ, λιθοκόπον, λιθοκόποι, λιθοκόπων, λιθοκόποις	
λιθουργός	Stonemason		Stonework	8	82		Harris 2002		λιθουργός, λιθουργοῦ, λιθουργῷ, λιθουργόν, λιθουργοί, λιθουργῶν, λιθουργοῖς	
λινουργός	Linen worker		Textiles	7	75		Harris 2002		λινουργός, λινουργοῦ, λινουργῷ, λινουργόν, λινουργοί, λινουργῶν, λινουργοῖς	
λιτροπώλης	Nitre seller		Fuel and Raw Materials	4	45		Lewis 2020		λιτροπώλης, λιτροπώλου, λιτροπώλῃ, λιτροπώλην, λιτροπῶλαι, λιτροπώλων, λιτροπώλαις	
λογόγραφος	Speech-writer		Writing and the Book Trade	1	15		Harris 2002		λογόγραφος, λογογράφου, λογογράφῳ, λογογράφονα, λογογράφος, λογογράφων	
λοφοποιός	Maker of helmet crests		Armaments	7	72		Harris 2002		λοφοποιός, λοφοποιοῦ, λοφοποιῷ, λοφοποιόν, λοφοποιοί, λοφοποιῶν, λοφοποιοῖς	
λυγειπνός	Singer		Drama and Entertainment	1	17		Harris 2002		λυγειπνός, λυγειπνοῦ, λυγειπνῷ, λυγειπνόν, λυγειπνοί, λυγειπνῶν, λυγειπνοῖς	
λυροποιός	Lyre maker		Musical Instruments	8	81		Harris 2002		λυροποιός, λυροποιοῦ, λυροποιῷ, λυροποιόν, λυροποιοί, λυροποιῶν, λυροποιοῖς	
λυχνοποιός	Lamp maker		Ceramics	8	89		Harris 2002		λυχνοποιός, λυχονοῦ, λυχνοποιῷ, λυχνοποιόν, λυχνοποιοί, λυχνοποιῶν, λυχνοποιοῖς	
λυχνοπώλης	Lamp seller		Ceramics	4	45		Harris 2002		λυχνοπώλης, λυχνοπώλου, λυχνοπώλῃ, λυχνοπώλην, λυχνοπῶλαι, λυχνοπώλων, λυχνοπώλαις	
μανθάνων	Student		Literature and Scholarship	1	13		Harris 2002		μανθάνων, μανθάνοντος, μανθάνοντι, μανθάνοντα, μανθάνοντες, μανθάνων, μανθάνοντι	μανθάνων, μανθάνοντος, μανθάνοντι, μανθάνοντα, μανθάνοντες, μανθάνων, μανθάνοντι
μάντις	Seer		Education and Training	1	14		Lewis 2020		μάντις, μάντεως, μάντει, μάντεα, μάντεις, μάντεων, μάντεσι	μάντις, μάντεως, μάντει, μάντεα, μάντεις, μάντεων, μάντεσι
μαχαιροποιός	Knife maker		Tools	8	83		Harris 2002		μαχαιροποιός, μαχαιροποιοῦ, μαχαιροποιῷ, μαχαιροποιόν, μαχαιροποιοί, μαχαιροποιῶν, μαχαιροποιοῖς	μαχαιροποιός, μαχαιροποιοῦ, μαχαιροποιῷ, μαχαιροποιόν, μαχαιροποιοί, μαχαιροποιῶν, μαχαιροποιοῖς
μαχαιροπώλης	Knife seller		Tools	4	45		Lewis 2020		μαχαιροπώλης, μαχαιροπώλου, μαχαιροπώλῃ, μαχαιροπώλην, μαχαιροπῶλαι, μαχαιροπώλων, μαχαιροπώλαις	μαχαιροπώλης, μαχαιροπώλου, μαχαιροπώλῃ, μαχαιροπώλην, μαχαιροπῶλαι, μαχαιροπώλων, μαχαιροπώλαις
μελιτοπώλης	Honey Seller		Food Preparation and Retail	4	45		Harris 2002		μελιτοπώλης, μελιτοπώλου, μελιτοπώλῃ, μελιτοπώλην, μελιτοπῶλαι, μελιτοπώλων, μελιτοπώλαις	μελιτοπώλης, μελιτοπώλου, μελιτοπώλῃ, μελιτοπώλην, μελιτοπῶλαι, μελιτοπώλων, μελιτοπώλαις
μελιττουργός	Beekeeper		Agriculture, Animal Husbandry	6	62		Lewis 2020		μελιττουργός, μελιττουργοῦ, μελιττουργῷ, μελιττουργόν, μελιττουργοί, μελιττουργῶν, μελιττουργοῖς	μελιττουργός, μελιττουργοῦ, μελιττουργῷ, μελιττουργόν, μελιττουργοί, μελιττουργῶν, μελιττουργοῖς
μεμβραδοπώλης	Sardine Seller	Anchovies Seller	Food Preparation and Retail	4	45		Lewis 2020		μεμβραδοπώλης, μεμβραδοπώλου, μεμβραδοπώλῃ, μεμβραδοπώλην, μεμβραδοπῶλαι, μεμβραδοπώλων, μεμβραδοπώλαις	μεμβραδοπώλης, μεμβραδοπώλου, μεμβραδοπώλῃ, μεμβραδοπώλην, μεμβραδοπῶλαι, μεμβραδοπώλων, μεμβραδοπώλαις
μεταλλεύς	Miner		Fuel and Raw Materials	7	71		Harris 2002		μεταλλεύς, μεταλλέως, μεταλλεῖ, μεταλλέα, μεταλλεῖς, μεταλλέων, μεταλλεῦσι	μεταλλεύς, μεταλλέως, μεταλλεῖ, μεταλλέα, μεταλλεῖς, μεταλλέων, μεταλλεῦσι
μεταλλευτής	Miner		Fuel and Raw Materials	7	71		Harris 2002		μεταλλευτής, μεταλλευτοῦ, μεταλλευτῇ, μεταλλευτήν, μεταλλευταί, μεταλλευτῶν, μεταλλευταῖς	μεταλλευτής, μεταλλευτοῦ, μεταλλευτῇ, μεταλλευτήν, μεταλλευταί, μεταλλευτῶν, μεταλλευταῖς
μολυβδοκόπος	Lead cutter		Metalwork	7	72		Harris 2002		μολυβδοκόπος, μολυβδοκόπου, μολυβδοκόπῳ, μολυβδοκόπον, μολυβδοκόποι, μολυβδοκόπων, μολυβδοκόποις	μολυβδοκόπος, μολυβδοκόπου, μολυβδοκόπῳ, μολυβδοκόπον, μολυβδοκόποι, μολυβδοκόπων, μολυβδοκόποις
μουσικός	Musician		Drama and Entertainment	1	17		Harris 2002		μουσικός, μουσικοῦ, μουσικῷ, μουσικόν, μουσικοί, μουσικῶν, μουσικοῖς	μουσικός, μουσικοῦ, μουσικῷ, μουσικόν, μουσικοί, μουσικῶν, μουσικοῖς
μυλοκόπος	Millstone cutter		Stonework	8	82		Lewis 2020		μυλοκόπος, μυλοκόπου, μυλοκόπῳ, μυλοκόπον, μυλοκόποι, μυλοκόπων, μυλοκόποις	
μυλωθρός	Miller		Food Preparation and Retail	5	54		Harris 2002		μυλωθρός, μυλωθροῦ, μυλωθρῷ, μυλωθρόν, μυλωθροί, μυλωθρῶν, μυλωθροῖς	
μυρεψός	Perfume boiler		Perfumes, Aromatics, and Nostrums	0	6		Harris 2002		μυρεψός, μυρεψοῦ, μυρεψῷ, μυρεψόν, μυρεψοί, μυρεψῶν, μυρεψοῖς	
μυροπώλης	Perfume seller		Perfumes, Aromatics, and Nostrums	4	45		Harris 2002		μυροπώλης, μυροπώλου, μυροπώλῃ, μυροπώλην, μυροπῶλαι, μυροπώλων, μυροπώλαις	
μυρόπωλις	Perfume seller		Perfumes, Aromatics, and Nostrums	4	45		Harris 2002		μυρόπωλις, μυροπώλεως, μυροπώλει, μυρόπωλιν, μυροπώλες, μυροπωλέων, μυροπώλεις	
μυστριοπώλης	Spoon seller	Small spoon sellers	Miscellaneous Retail	4	45		Lewis 2020		μυστριοπώλης, μυστριοπώλου, μυστριοπώλῃ, μυστριοπώλην, μυστριοπῶλαι, μυστριοπώλων, μυστριοπώλαις	
ναύκληρος	Shipmaster		Seafaring/Maritime	9	98		Harris 2002		ναύκληρος, ναυκλήρου, ναυκλήρῳ, ναύκληρον, ναύκληροι, ναυκλήρων, ναύκληροις	
ναυπηγός	Shipwright		Woodwork	7	73		Harris 2002		ναυπηγός, ναυπηγοῦ, ναυπηγῷ, ναυπηγόν, ναυπηγοί, ναυπηγῶν, ναυπηγοῖς	
ναύτης	Sailor		Seafaring/Maritime	9	98		Harris 2002		ναύτης, ναύτου, ναύτῃ, ναύτην, ναῦται, ναυτῶν, ναύταις	
νευρορράφος	Cobbler		Leatherwork and Footwear	8	80		Lewis 2020		νευρορράφος, νευρορράφου, νευρορράφῳ, νευρορράφον, νευρορράφοι, νευρορράφων, νευρορράφοις	
ξιφουργός	Swordsmith		Armaments	7	72		Lewis 2020		ξιφουργός, ξιφουργοῦ, ξιφουργῷ, ξιφουργόν, ξιφουργοί, ξιφουργῶν, ξιφουργοῖς	
ξυλοπώλης	Timber wholesaler		Woodwork	4	41		Lewis 2020		ξυλοπώλης, ξυλοπώλου, ξυλοπώλῃ, ξυλοπώλην, ξυλοπῶλαι, ξυλοπώλων, ξυλοπώλαις	
ξυλουργός	Turner		Woodwork	7	73		Harris 2002		ξυλουργός, ξυλουργοῦ, ξυλουργῷ, ξυλουργόν, ξυλουργοί, ξυλουργῶν, ξυλουργοῖς	
ὀβελισκοποιός	Skewer maker		Metalwork	8	83		Harris 2002		ὀβελισκοποιός, ὀβελισκοποιοῦ, ὀβελισκοποιῷ, ὀβελισκοποιόν, ὀβελισκοποιοί, ὀβελισκοποιῶν, ὀβελισκοποιοῖς	
πηλοφορῶν	Carrier of clay or mortar		Transport	9	98		Harris 2002		πηλοφορῶν, πηλοφοροῦντος, πηλοφοροῦντι, πηλοφοροῦντα, πηλοφοροῦντες, πηλοφοροῦντων, πηλοφοροῦσιν	
οἰκοδομος	Builder		Construction	9	95		Harris 2002		οἰκοδομος, οἰκοδόμου, οἰκοδόμῳ, οἰκοδόμον, οἰκοδόμοι, οἰκοδόμων, οἰκοδόμοις	
οἰνοπώλης	Wine Dealer		Food Preparation and Retail	4	45		Harris 2002		οἰνοπώλης, οἰνοπώλου, οἰνοπώλῃ, οἰνοπώλην, οἰνοπῶλαι, οἰνοπώλων, οἰνοπώλαις	
οἰσουργός	Basketmaker		Cordage and Basketry	7	71		Lewis 2020		οἰσουργός, οἰσουργοῦ, οἰσουργῷ, οἰσουργόν, οἰσουργοί, οἰσουργῶν, οἰσουργοῖς	
ὁλμοποιός	Mortar maker		Woodwork	7	73		Harris 2002		ὁλμοποιός, ὁλμοποιοῦ, ὁλμοποιῷ, ὁλμοποιόν, ὁλμοποιοί, ὁλμοποιῶν, ὁλμοποιοῖς	
ὀνελάτης	Ass driver		Transport	9	98		Harris 2002		ὀνελάτης, ὀνελάτου, ὀνελάτῃ, ὀνελάτην, ὀνελάται, ὀνελατῶν, ὀνελάταις	
ὀνοκόμος	Ass keeper		Transport	9	98		Harris 2002		ὀνοκόμος, ὀνοκόμου, ὀνοκόμῳ, ὀνοκόμον, ὀνοκόμοι, ὀνοκόμων, ὀνοκόμοις	
ὀξοπώλης	Vinegar Dealer		Food Preparation and Retail	4	45		Lewis 2020		ὀξοπώλης, ὀξοπώλου, ὀξοπώλῃ, ὀξοπώλην, ὀξοπῶλαι, ὀξοπώλων, ὀξοπώλαις	
ὁπλομάχος	Weapons trainer		Education and Training	1	18		Lewis 2020		ὁπλομάχος, ὁπλομάχου, ὁπλομάχῳ, ὁπλομάχον, ὁπλομάχοι, ὁπλομάχων, ὁπλομάχοις	
ὀπωρώνης	Fruit Seller	Garden-Watcher	Agriculture, Animal Husbandry	6	62		Lewis 2020		ὀπωρώνης, ὀπωρώνου, ὀπωρώνῃ, ὀπωρώνην, ὀπωρῶνες, ὀπωρώνων, ὀπωρώναις	
ὀρεοκόμος	Muleteer		Transport	9	98		Harris 2002		ὀρεοκόμος, ὀρεοκόμου, ὀρεοκόμῳ, ὀρεοκόμον, ὀρεοκόμοι, ὀρεοκόμων, ὀρεοκόμοις	
ὀρνιθευτής	Fowler	Bird-Catcher	Agriculture, Animal Husbandry	6	64		Lewis 2020		ὀρνιθευτής, ὀρνιθευτοῦ, ὀρνιθευτῇ, ὀρνιθευτήν, ὀρνιθευταί, ὀρνιθευτῶν, ὀρνιθευταῖς	
ὀρνιθοκάπηλος	Bird Dealer		Agriculture, Animal Husbandry	6	62		Harris 2002		ὀρνιθοκάπηλος, ὀρνιθοκαπήλου, ὀρνιθοκαπήλῳ, ὀρνιθοκάπηλον, ὀρνιθοκάπηλοι, ὀρνιθοκαπήλων, ὀρνιθοκάπηλοις	
ὀρνιθοπώλης	Bird Dealer		Agriculture, Animal Husbandry	6	62		Harris 2002		ὀρνιθοπώλης, ὀρνιθοπώλου, ὀρνιθοπώλῃ, ὀρνιθοπώλην, ὀρνιθοπῶλαι, ὀρνιθοπώλων, ὀρνιθοπώλαις	
ὀρτυγοθήρας	Quail Trapper	Keeper of quails	Agriculture, Animal Husbandry	6	61		Lewis 2020		ὀρτυγοθήρας, ὀρτυγοθήρου, ὀρτυγοθῇρῳ, ὀρτυγοθήραν, ὀρτυγοθῆρες, ὀρτυγοθῆρων, ὀρτυγοθῆρσιν	
ὀρτυγοκόμος	Quail Rearer	Keeper of quails	Agriculture, Animal Husbandry	6	61		Lewis 2020		ὀρτυγοκόμος, ὀρτυγοκόμου, ὀρτυγοκόμῳ, ὀρτυγοκόμον, ὀρτυγοκόμοι, ὀρτυγοκόμων, ὀρτυγοκόμοις	
ὀρτυγοπώλης	Quail Dealer		Agriculture, Animal Husbandry	6	62		Harris 2002		ὀρτυγοπώλης, ὀρτυγοπώλου, ὀρτυγοπώλῃ, ὀρτυγοπώλην, ὀρτυγοπῶλαι, ὀρτυγοπώλων, ὀρτυγοπώλαις	
ὀρτυγοτρόφος	Quail Rearer	Keeper of quails	Agriculture, Animal Husbandry	6	61		Lewis 2020		ὀρτυγοτρόφος, ὀρτυγοτρόφου, ὀρτυγοτρόφῳ, ὀρτυγοτρόφον, ὀρτυγοτρόφοι, ὀρτυγοτρόφων, ὀρτυγοτρόφοις	
ὀσπριοπώλης	Pulse Seller		Food Preparation and Retail	4	45		Lewis 2020		ὀσπριοπώλης, ὀσπριοπώλου, ὀσπριοπώλῃ, ὀσπριοπώλην, ὀσπριοπῶλαι, ὀσπριοπώλων, ὀσπριοπώλαις	
παγκρατιαστής	Pancratiast		Sports and Competition	1	18		Harris 2002		παγκρατιαστής, παγκρατιαστοῦ, παγκρατιαστῇ, παγκρατιαστήν, παγκρατιασταί, παγκρατιαστῶν, παγκρατιασταῖς	
παιδοτρίβης	Physical trainer		Education and Training	1	18		Harris 2002		παιδοτρίβης, παιδοτρίβου, παιδοτρίβῃ, παιδοτρίβην, παιδοτρίβαι, παιδοτριβῶν, παιδοτρίβαις	
παλιγκάπηλος	Wholesaler/middleman		Miscellaneous Retail	4	41		Lewis 2020		παλιγκάπηλος, παλιγκαπήλου, παλιγκαπήλῳ, παλιγκάπηλον, παλιγκαπήλοι, παλιγκαπήλων, παλιγκαπήλοις	
πένταθλος	Pentathlete		Sports and Competition	1	18		Harris 2002		πένταθλος, πεντάθλου, πεντάθλῳ, πένταθλον, πεντάθλοι, πεντάθλων, πεντάθλοις	
περιηγητής	Traveler		Exploration and Travel	4	43		Harris 2002		περιηγητής, περιηγητοῦ, περιηγητῇ, περιηγητήν, περιηγηταί, περιηγητῶν, περιηγηταῖς	
περσικοποιός	Maker of slippers		Leatherwork and Footwear	8	80		Harris 2002		περσικοποιός, περσικοποιοῦ, περσικοποιῷ, περσικοποιόν, περσικοποιοί, περσικοποιῶν, περσικοποιοῖς	
πιλοποιός	Hatter/felter		Textiles	7	79		Lewis 2020		πιλοποιός, πιλοποιοῦ, πιλοποιῷ, πιλοποιόν, πιλοποιοί, πιλοποιῶν, πιλοποιοῖς	
πινακοπώλης	one who sells birds from a tray		Agriculture, Animal Husbandry	4	45		Lewis 2020		πινακοπώλης, πινακοπώλου, πινακοπώλῃ, πινακοπώλην, πινακοπῶλαι, πινακοπώλων, πινακοπώλαις	
πλινθουργός	Brick maker		Construction	9	95		Harris 2002	laterarius	πλινθουργός, πλινθουργοῦ, πλινθουργῷ, πλινθουργόν, πλινθουργοί, πλινθουργῶν, πλινθουργοῖς	
πλινθόφορος	Brick carrier		Construction	9	95		Harris 2002		πλινθόφορος, πλινθοφόρου, πλινθοφόρῳ, πλινθοφόρον, πλινθοφόροι, πλινθοφόρων, πλινθοφόροις	
πλυνεύς	Clothes washer		Textiles	7	75		Harris 2002		πλυνεύς, πλυνέως, πλυνεῖ, πλυνέα, πλυνεῖς, πλυνέων, πλυνεῦσι	
πλύντης	Clothes washer		Textiles	7	75		Harris 2002		πλύντης, πλύντου, πλύντῃ, πλύντην, πλύνται, πλυντῶν, πλύνταις	
πλύντρια	Clothes washer		Textiles	7	75		Harris 2002		πλύντρια, πλυντρίας, πλυντρίᾳ, πλύντριαν, πλύντριαι, πλυντριῶν, πλυντρίαις	
ποάστρια	Herb Cutter	Weeder / Grass-cutter	Agriculture, Animal Husbandry	6	61		Lewis 2020		ποάστρια, ποαστρίας, ποαστρίᾳ, ποάστριαν, ποάστριαι, ποαστριῶν, ποαστρίαις	
ποδωκέας	Runner		Sports and Competition	1	18		Harris 2002		ποδωκέας, ποδωκέου, ποδωκέῳ, ποδωκέαν, ποδωκέες, ποδωκέων, ποδωκέεσι	
ποιητής	Maker, poet		Literature and Scholarship	1	17		Harris 2002		ποιητής, ποιητοῦ, ποιητῇ, ποιητήν, ποιηταί, ποιητῶν, ποιηταῖς	
ποιητικός	Poet		Literature and Scholarship	1	17		Harris 2002		ποιητικός, ποιητικοῦ, ποιητικῷ, ποιητικόν, ποιητικοί, ποιητικῶν, ποιητικοῖς	
ποικιλτής	Pattern weaver		Textiles	7	75		Harris 2002		ποικιλτής, ποικιλτοῦ, ποικιλτῇ, ποικιλτήν, ποικιλταί, ποικιλτῶν, ποικιλταῖς	
ποιμήν	Shepherd	Herdsman	Agriculture, Animal Husbandry	6	61		Harris 2002		ποιμήν, ποιμένος, ποιμένῐ, ποιμένα, ποιμένες, ποιμένων, ποιμέσι	
πορθμεύς	Ferryman		Seafaring/Maritime	9	98		Harris 2002		πορθμεύς, πορθμέως, πορθμεῖ, πορθμέα, πορθμεῖς, πορθμέων, πορθμεῦσι	
πριονοποιός	Saw maker		Tools	8	83		Lewis 2020		πριονοποιός, πριονοποιοῦ, πριονοποιῷ, πριονοποιόν, πριονοποιοί, πριονοποιῶν, πριονοποιοῖς	
πρίστης	Sawyer		Woodwork	7	73		Harris 2002		πρίστης, πρίστου, πρίστῃ, πρίστην, πρίσται, πριστῶν, πρίσταις	
προβατοκάπηλος	Sheep Dealer		Agriculture, Animal Husbandry	6	62		Harris 2002		προβατοκάπηλος, προβατοκαπήλου, προβατοκαπήλῳ, προβατοκάπηλον, προβατοκαπήλοι, προβατοκαπήλων, προβατοκαπήλοις	
προβατοπώλης	Sheep Dealer		Agriculture, Animal Husbandry	6	62		Harris 2002		προβατοπώλης, προβατοπώλου, προβατοπώλῃ, προβατοπώλην, προβατοπῶλαι, προβατοπώλων, προβατοπώλαις	
προμετρητής	Surveyor		Construction	0	3		Harris 2002		προμετρητής, προμετρητοῦ, προμετρητῇ, προμετρητήν, προμετρηταί, προμετρητῶν, προμετρηταῖς	
πρῳρεύς	Quartermaster		Seafaring/Maritime	9	98		Harris 2002		πρῳρεύς, πρῳρέως, πρῳρεῖ, πρῳρέα, πρῳρεῖς, πρῳρέων, πρῳρεῦσι	
πυκτεύς	Boxer		Sports and Competition	1	18		Harris 2002		πυκτεύς, πυκτέως, πυκτεῖ, πυκτέα, πυκτεῖς, πυκτέων, πυκτεῦσι	
πυροκάπηλος	Barley Dealer	No Translation	Food Preparation and Retail	4	41		Lewis 2020		πυροκάπηλος, πυροκαπήλου, πυροκαπήλῳ, πυροκάπηλον, πυροκαπήλοι, πυροκαπήλων, πυροκαπήλοις	
πυροπώλης	Barley Dealer	Wheat-merchant	Food Preparation and Retail	4	41		Lewis 2020		πυροπώλης, πυροπώλου, πυροπώλῃ, πυροπώλην, πυροπῶλαι, πυροπώλων, πυροπώλαις	
ῥακιοσυρραπτάδης	Clothes mender		Textiles	7	79		Harris 2002		ῥακιοσυρραπτάδης, ῥακιοσυρραπτάδου, ῥακιοσυρραπτάδῃ, ῥακιοσυρραπτάδην, ῥακιοσυρραπτάδαι, ῥακιοσυρραπτάδων, ῥακιοσυρραπτάδαις	
ῥάπτης	Clothes mender		Textiles	7	79		Petrikovits, 1981, p.287	sarcinator	ῥάπτης, ῥάπτου, ῥάπτῃ, ῥάπτην, ῥάπται, ῥαπτῶν, ῥάπταις	
ῥήτωρ	Orator		Literature and Scholarship	1	17		Harris 2002		ῥήτωρ, ῥήτορος, ῥήτορῐ, ῥήτορα, ῥήτορες, ῥητόρων, ῥήτορσι	
ῥιζοπώλης	Root seller		Perfumes, Aromatics, and Nostrums	4	45		Harris 2002		ῥιζοπώλης, ῥιζοπώλου, ῥιζοπώλῃ, ῥιζοπώλην, ῥιζοπῶλαι, ῥιζοπώλων, ῥιζοπώλαις	
ῥιζότομος	Gatherer of medicinal roots		Perfumes, Aromatics, and Nostrums	0	6		Harris 2002		ῥιζότομος, ῥιζοτόμου, ῥιζοτόμῳ, ῥιζότομον, ῥιζοτόμοι, ῥιζοτόμων, ῥιζοτόμοις	
σακχυφάντης	Sackcloth maker		Textiles	7	79		Harris 2002		σακχυφάντης, σακχυφάντου, σακχυφάντῃ, σακχυφάντην, σακχυφάνται, σακχυφαντῶν, σακχυφάνταις	
σησαμοπώλης	Sesame Seller		Food Preparation and Retail	4	41		Harris 2002		σησαμοπώλης, σησαμοπώλου, σησαμοπώλῃ, σησαμοπώλην, σησαμοπῶλαι, σησαμοπώλων, σησαμοπώλαις	
σησαμοπώλις	Sesame Seller	No Translation	Food Preparation and Retail	4	41		Harris 2002		σησαμοπώλις, σησαμοπώλεως, σησαμοπώλει, σησαμοπώλιν, σησαμοπώλεις, σησαμοπωλέων, σησαμοπώλεσι	
σιδηροθργός	Ironworker		Metalwork	7	72		Harris 2002		σιδηροθργός, σιδηροθργοῦ, σιδηροθργῷ, σιδηροθργόν, σιδηροθργοί, σιδηροθργῶν, σιδηροθργοῖς	
σιδηροπώλης	Iron dealer		Metalwork	4	45		Harris 2002		σιδηροπώλης, σιδηροπώλου, σιδηροπώλῃ, σιδηροπώλην, σιδηροπῶλαι, σιδηροπώλων, σιδηροπώλαις	
σιλφιοπώλης	Silphium Seller		Food Preparation and Retail	4	45		Lewis 2020		σιλφιοπώλης, σιλφιοπώλου, σιλφιοπώλῃ, σιλφιοπώλην, σιλφιοπῶλαι, σιλφιοπώλων, σιλφιοπώλαις	
σινδονοπώλης	Linen seller		Textiles	4	45		Harris 2002		σινδονοπώλης, σινδονοπώλου, σινδονοπώλῃ, σινδονοπώλην, σινδονοπῶλαι, σινδονοπώλων, σινδονοπώλαις	
σιτοκάπηλος	Grain Dealer	Corn-factor	Food Preparation and Retail	4	41		Harris 2002		σιτοκάπηλος, σιτοκαπήλου, σιτοκαπήλῳ, σιτοκάπηλον, σιτοκαπήλοι, σιτοκαπήλων, σιτοκαπήλοις	
σιτοποιός	Baker		Food Preparation and Retail	5	53		Harris 2002		σιτοποιός, σιτοποιοῦ, σιτοποιῷ, σιτοποιόν, σιτοποιοί, σιτοποιῶν, σιτοποιοῖς	
σιτοπώλης	Grain Dealer	Corn-factor	Food Preparation and Retail	4	41		Harris 2002		σιτοπώλης, σιτοπώλου, σιτοπώλῃ, σιτοπώλην, σιτοπῶλαι, σιτοπώλων, σιτοπώλαις	
σκανδικοπώλης	Wild Chervil Seller		Food Preparation and Retail	4	45		Lewis 2020		σκανδικοπώλης, σκανδικοπώλου, σκανδικοπώλῃ, σκανδικοπώλην, σκανδικοπῶλαι, σκανδικοπώλων, σκανδικοπώλαις	
σκαφεύς	Digger		Agriculture, Animal Husbandry	6	62		Harris 2002		σκαφεύς, σκαφέως, σκαφεῖ, σκαφέα, σκαφεῖς, σκαφέων, σκαφεῦσι	
σκευοποιός	Maker of drama equipment		Drama and Entertainment	9	96		Harris 2002		σκευοποιός, σκευοποιοῦ, σκευοποιῷ, σκευοποιόν, σκευοποιοί, σκευοποιῶν, σκευοποιοῖς	
σκευοπώλης	Seller of equipment	Mask seller	Miscellaneous Retail	4	45		Harris 2002		σκευοπώλης, σκευοπώλου, σκευοπώλῃ, σκευοπώλην, σκευοπῶλαι, σκευοπώλων, σκευοπώλαις	
σκηνίτης	Stallholder		Miscellaneous Retail	4	45		Harris 2002		σκηνίτης, σκηνίτου, σκηνίτῃ, σκηνίτην, σκηνῖται, σκηνίτων, σκηνίταις	
σκοροδοπώλης	Garlic Seller		Food Preparation and Retail	4	45		Harris 2002		σκοροδοπώλης, σκοροδοπώλου, σκοροδοπώλῃ, σκοροδοπώλην, σκοροδοπῶλαι, σκοροδοπώλων, σκοροδοπώλαις	
σκυλοδέψης	Tanner		Leatherwork and Footwear	7	76		Harris 2002		σκυλοδέψης, σκυλοδέψητος, σκυλοδέψητι, σκυλοδέψητα, σκυλοδέψεις, σκυλοδέψητων, σκυλοδέψησι	
σκυτοδέψης	Leather worker/shoemaker		Leatherwork and Footwear	8	80		Harris 2002		σκυτοδέψης, σκυτοδέψητος, σκυτοδέψητι, σκυτοδέψητα, σκυτοδέψεις, σκυτοδέψητων, σκυτοδέψησι	
σκυτοπώλης	Leather seller		Leatherwork and Footwear	4	45		Harris 2002		σκυτοπώλης, σκυτοπώλου, σκυτοπώλῃ, σκυτοπώλην, σκυτοπῶλαι, σκυτοπώλων, σκυτοπώλαις	
σκυτότομος	Leather worker/shoemaker		Leatherwork and Footwear	8	80		Harris 2002		σκυτότομος, σκυτοτόμου, σκυτοτόμῳ, σκυτοτόμον, σκυτοτόμοι, σκυτοτόμων, σκυτοτόμοις	
σοροπηγός	coffin maker		Woodwork	7	73		Lewis 2020		σοροπηγός, σοροπηγοῦ, σοροπηγῷ, σοροπηγόν, σοροπηγοί, σοροπηγῶν, σοροπηγοῖς	
σοροποιός	coffin maker		Woodwork	7	73		Lewis 2020		σοροποιός, σοροποιοῦ, σοροποιῷ, σοροποιόν, σοροποιοί, σοροποιῶν, σοροποιοῖς	
σοφιστής	Philosopher/sophist		Education and Training	1	19		Lewis 2020		σοφιστής, σοφιστοῦ, σοφιστῇ, σοφιστήν, σοφισταί, σοφιστῶν, σοφισταῖς	
σπαρτοπώλης	Rope dealer		Cordage and Basketry	4	45		Harris 2002		σπαρτοπώλης, σπαρτοπώλου, σπαρτοπώλῃ, σπαρτοπώλην, σπαρτοπῶλαι, σπαρτοπώλων, σπαρτοπώλαις	
σπερματοπώλης	Seed seller		Miscellaneous Retail	4	45		Lewis 2020		σπερματοπώλης, σπερματοπώλου, σπερματοπώλῃ, σπερματοπώλην, σπερματοπῶλαι, σπερματοπώλων, σπερματοπώλαις	
στεφανοπώλης	Garland seller	Dealer in crowns or chaplets	Miscellaneous Retail	4	45		Harris 2002		στεφανοπώλης, στεφανοπώλου, στεφανοπώλῃ, στεφανοπώλην, στεφανοπῶλαι, στεφανοπώλων, στεφανοπώλαις	
στεφανόπωλις	Garland seller	No Translation	Miscellaneous Retail	4	45		Harris 2002		στεφανόπωλις, στεφανόπωλεως, στεφανόπωλει, στεφανόπωλιν, στεφανόπωλεις, στεφανοπωλέων, στεφανοπώλεσι	
στυππειοπλόκος	Ropemaker		Textiles	7	75		Lewis 2020		στυππειοπλόκος, στυππειοπλόκου, στυππειοπλόκῳ, στυππειοπλόκον, στυππειοπλόκοι, στυππειοπλόκων, στυππειοπλόκοις	
στυππειοπώλης	Rope dealer		Cordage and Basketry	4	45		Harris 2002		στυππειοπώλης, στυππειοπώλου, στυππειοπώλῃ, στυππειοπώλην, στυππειοπῶλαι, στυππειοπώλων, στυππειοπώλαις	
συβώτης	Swineherd		Agriculture, Animal Husbandry	6	61		Harris 2002		συβώτης, συβώτου, συβώτῃ, συβώτην, συβῶται, συβώτων, συβώταις	
συριγγοποιός	Pan-pipe maker		Musical Instruments	8	81		Harris 2002		συριγγοποιός, συριγγοποιοῦ, συριγγοποιῷ, συριγγοποιόν, συριγγοποιοί, συριγγοποιῶν, συριγγοποιοῖς	
συρμαιοπώλης	Seller of emetics		Perfumes, Aromatics, and Nostrums	4	45		Lewis 2020		συρμαιοπώλης, συρμαιοπώλου, συρμαιοπώλῃ, συρμαιοπώλην, συρμαιοπῶλαι, συρμαιοπώλων, συρμαιοπώλαις	
σχοινοπλόκος	Ropemaker		Textiles	7	75		Lewis 2020		σχοινοπλόκος, σχοινοπλόκου, σχοινοπλόκῳ, σχοινοπλόκον, σχοινοπλόκοι, σχοινοπλόκων, σχοινοπλόκοις	
ταινιοπώλις	Ribbon seller		Textiles	4	45		Lewis 2020		ταινιοπώλις, ταινιοπώλεως, ταινιοπώλει, ταινιοπώλιν, ταινιοπώλεις, ταινιοπωλέων, ταινιοπώλεσι	
ταλασιουργός	Woolworker		Textiles	7	76		Harris 2002		ταλασιουργός, ταλασιουργοῦ, ταλασιουργῷ, ταλασιουργόν, ταλασιουργοί, ταλασιουργῶν, ταλασιουργοῖς	
ταπιδυφάντης	Rug weaver		Textiles	7	75		Lewis 2020		ταπιδυφάντης, ταπιδυφάντου, ταπιδυφάντῃ, ταπιδυφάντην, ταπιδυφάνται, ταπιδυφαντῶν, ταπιδυφάνταις	
ταριχοπώλης	Salt Fish Dealer		Food Preparation and Retail	4	45		Harris 2002		ταριχοπώλης, ταριχοπώλου, ταριχοπώλῃ, ταριχοπώλην, ταριχοπῶλαι, ταριχοπώλων, ταριχοπώλαις	
τέκτων	Carpenter/joiner		Woodwork	9	95		Harris 2002		τέκτων, τέκτονος, τέκτονι, τέκτονα, τέκτονες, τεκτόνων, τέκτοσι	
τεμαχοπώλης	Fish Slice Seller		Food Preparation and Retail	4	45		Lewis 2020		τεμαχοπώλης, τεμαχοπώλου, τεμαχοπώλῃ, τεμαχοπώλην, τεμαχοπῶλαι, τεμαχοπώλων, τεμαχοπώλαις	
τοξοποιός	Bowyer		Armaments	7	72		Lewis 2020		τοξοποιός, τοξοποιοῦ, τοξοποιῷ, τοξοποιόν, τοξοποιοί, τοξοποιῶν, τοξοποιοῖς	
τραγῳδοποιός	Tragic poet/playwright		Drama and Entertainment	1	17		Harris 2002		τραγῳδοποιός, τραγῳδοποιοῦ, τραγῳδοποιῷ, τραγῳδοποιόν, τραγῳδοποιοί, τραγῳδοποιῶν, τραγῳδοποιοῖς	
τριηραύλης	Aulos player on a trireme		Seafaring/Maritime	9	98		Harris 2002		τριηραύλης, τριηραύλου, τριηραύλῃ, τριηραύλην, τριηραῦλαι, τριηραύλων, τριηραύλαις	
τροχοποιός	Wheelwright		Woodwork	7	73		Harris 2002		τροχοποιός, τροχοποιοῦ, τροχοποιῷ, τροχοποιόν, τροχοποιοί, τροχοποιῶν, τροχοποιοῖς	
τρυγήτρια	Fruit Gatherer		Agriculture, Animal Husbandry	6	61		Harris 2002		τρυγήτρια, τρυγητρίας, τρυγητρίᾳ, τρυγήτριαν, τρυγήτριαι, τρυγητριῶν, τρυγητρίαις	
τυλυφάντης	Cushion weaver		Textiles	7	75		Harris 2002		τυλυφάντης, τυλυφάντου, τυλυφάντῃ, τυλυφάντην, τυλυφάνται, τυλυφαντῶν, τυλυφάνταις	
τυροπώλης	Cheesemonger		Food Preparation and Retail	4	45		Harris 2002		τυροπώλης, τυροπώλου, τυροπώλῃ, τυροπώλην, τυροπῶλαι, τυροπώλων, τυροπώλαις	
ὑληφόρος	Wood carrier		Transport	9	98		Lewis 2020		ὑληφόρος, ὑληφόρου, ὑληφόρῳ, ὑληφόρον, ὑληφόροι, ὑληφόρων, ὑληφόροις	
ὑλότομος	Woodcutter		Fuel and Raw Materials	7	71		Lewis 2020		ὑλότομος, ὑλοτόμου, ὑλοτόμῳ, ὑλότομον, ὑλοτόμοι, ὑλοτόμων, ὑλοτόμοις	
ὑλοφόρος	Wood carrier		Transport	9	98		Lewis 2020		ὑλοφόρος, ὑλοφόρου, ὑλοφόρῳ, ὑλοφόρον, ὑλοφόροι, ὑλοφόρων, ὑλοφόροις	
ὑοπώλης	Pig Dealer		Agriculture, Animal Husbandry	6	62		Lewis 2020		ὑοπώλης, ὑοπώλου, ὑοπώλῃ, ὑοπώλην, ὑοπῶλαι, ὑοπώλων, ὑοπώλαις	
ὑπηρετής	Architect’s assistant		Construction	9	95		Harris 2002		ὑπηρετής, ὑπηρέτου, ὑπηρέτῃ, ὑπηρέτην, ὑπηρεταί, ὑπηρετῶν, ὑπηρεταῖς	
ὑποδηματοποιός	Sandal maker		Leatherwork and Footwear	8	80		Harris 2002		ὑποδηματοποιός, ὑποδηματοποιοῦ, ὑποδηματοποιῷ, ὑποδηματοποιόν, ὑποδηματοποιοί, ὑποδηματοποιῶν, ὑποδηματοποιοῖς	
ὑποδιδάσκαλος	Teacher’s assistant		Education and Training	1	13		Harris 2002		ὑποδιδάσκαλος, ὑποδιδασκάλου, ὑποδιδασκάλῳ, ὑποδιδάσκαλον, ὑποδιδάσκαλοι, ὑποδιδασκάλων, ὑποδιδάσκαλοις	
ὑποκριτής	Actor		Drama and Entertainment	1	17		Harris 2002		ὑποκριτής, ὑποκριτοῦ, ὑποκριτῇ, ὑποκριτήν, ὑποκριταί, ὑποκριτῶν, ὑποκριταῖς	
ὑφάντης	Weaver		Textiles	7	75		Harris 2002		ὑφάντης, ὑφάντου, ὑφάντῃ, ὑφάντην, ὑφάνται, ὑφαντῶν, ὑφάνταις	
φαρμακοπώλης	Druggist		Perfumes, Aromatics, and Nostrums	0	6		Harris 2002		φαρμακοπώλης, φαρμακοπώλου, φαρμακοπώλῃ, φαρμακοπώλην, φαρμακοπῶλαι, φαρμακοπώλων, φαρμακοπώλαις	
φαρμακοτρίβης	Drug (or colour) grinder		Perfumes, Aromatics, and Nostrums	0	6		Harris 2002		φαρμακοτρίβης, φαρμακοτρίβου, φαρμακοτρίβῃ, φαρμακοτρίβην, φαρμακοτρίβαι, φαρμακοτριβῶν, φαρμακοτρίβαις	
φιλόσοφος	Philosopher/sophist		Education and Training	1	19		Lewis 2020		φιλόσοφος, φιλοσόφου, φιλοσόφῳ, φιλόσοφον, φιλόσοφοι, φιλοσόφων, φιλοσόφοις	
φορμόφορος	Porter/stevedore		Transport	9	98		Lewis 2020		φορμόφορος, φορμοφόρου, φορμοφόρῳ, φορμοφόρον, φορμοφόροι, φορμοφόρων, φορμοφόροις	
φόρταξ	Porter/stevedore		Transport	9	98		Lewis 2020		φόρταξ, φόρτακος, φόρτακῐ, φόρτακα, φόρτακες, φορτάκων, φόρταξι	
φορτηγός	Maritime trader		Seafaring/Maritime	9	98		Harris 2002		φορτηγός, φορτηγοῦ, φορτηγῷ, φορτηγον, φορτηγοί, φορτηγῶν, φορτηγοῖς	
φρεώρυχος	Well-digger		Construction	7	71		Lewis 2020		φρεώρυχος, φρεωρύχου, φρεωρύχῳ, φρεώρυχον, φρεωρύχοι, φρεωρύχων, φρεωρύχοις	
χαλκεύς	Smith		Metalwork	7	72		Harris 2002		χαλκεύς, χαλκέως, χαλκεῖ, χαλκέα, χαλκεῖς, χαλκέων, χαλκεῦσι	
χαλκοπώλης	Bronze dealer		Metalwork	4	45		Lewis 2020		χαλκοπώλης, χαλκοπώλου, χαλκοπώλῃ, χαλκοπώλην, χαλκοπῶλαι, χαλκοπώλων, χαλκοπώλαις	
χαριτόπωλις	Charm seller	Seller of Favours	Miscellaneous Retail	4	45		Harris 2002		χαριτόπωλις, χαριτόπωλεως, χαριτόπωλει, χαριτόπωλιν, χαριτόπωλεις, χαριτοπωλέων, χαριτόπωλεσι	
χιδροπώλης	Seller of Wheaten Groats		Food Preparation and Retail	4	41		Lewis 2020		χιδροπώλης, χιδροπώλου, χιδροπώλῃ, χιδροπώλην, χιδροπῶλαι, χιδροπώλων, χιδροπώλαις	
χλαμυδουργός	Mantle maker		Textiles	7	79		Lewis 2020		χλαμυδουργός, χλαμυδουργοῦ, χλαμυδουργῷ, χλαμυδουργόν, χλαμυδουργοί, χλαμυδουργῶν, χλαμυδουργοῖς	
χλανιδοποιός	Cloak maker		Textiles	7	79		Lewis 2020		χλανιδοποιός, χλανιδοποιοῦ, χλανιδοποιῷ, χλανιδοποιόν, χλανιδοποιοί, χλανιδοποιῶν, χλανιδοποιοῖς	
χοιροπώλης	Pig Dealer		Agriculture, Animal Husbandry	6	62		Lewis 2020		χοιροπώλης, χοιροπώλου, χοιροπώλῃ, χοιροπώλην, χοιροπῶλαι, χοιροπώλων, χοιροπώλαις	
χορδοπώλης	Seller of instrument strings		Musical Instruments	8	81		Lewis 2020		χορδοπώλης, χορδοπώλου, χορδοπώλῃ, χορδοπώλην, χορδοπῶλαι, χορδοπώλων, χορδοπώλαις	
χρησμολόγος	oracle interpreter		Education and Training	1	14		Lewis 2020		χρησμολόγος, χρησμολογου, χρησμολόγῳ, χρησμολόγον, χρησμολόγοι, χρησμολόγων, χρησμολόγοις	
χρυσοπώλης	Gold merchant		Metalwork	4	45		Lewis 2020		χρυσοπώλης, χρυσοπώλου, χρυσοπώλῃ, χρυσοπώλην, χρυσοπῶλαι, χρυσοπώλων, χρυσοπώλαις	
χρυσόχοος	Goldsmith		Metalwork	7	72		Harris 2002		χρυσόχοος, χρυσοχόου, χρυσοχόῳ, χρυσοχόον, χρυσοχόοι, χρυσοχόων, χρυσοχόοις	
χρυσώτής	Gilder		Metalwork	7	72		Harris 2002		χρυσώτής, χρυσώτου, χρυσώτῃ, χρυσώτην, χρυσώται, χρυσώτων, χρυσώταις	
χυτροπώλης	Pot seller		Ceramics	4	45		Lewis 2020		χυτροπώλης, χυτροπώλου, χυτροπώλῃ, χυτροπώλην, χυτροπῶλαι, χυτροπώλων, χυτροπώλαις	
ᾠόπωλις	Egg Seller		Food Preparation and Retail	4	45		Lewis 2020		ᾠόπωλις, ᾠοπωλεως, ᾠοπωλει, ᾠοπωλιν, ᾠοπωλεις, ᾠοπωλεων, ᾠοπωλεσι	
βαρβαρικάριος	Gilder		Textiles	7	75		Petrikovits, 1981, p.288	Barbaricarius	βαρβαρικάριος, βαρβαρικαρίου, βαρβαρικαρίῳ, βαρβαρικάριον, βαρβαρικάριοι, βαρβαρικαρίων, βαρβαρικάριοις	
λιναριος	Linen worker		Textiles	7	75		Petrikovits, 1981, p.288	Linarius	λιναριος, λιναρίου, λιναρίῳ, λιναριον, λιναριοι, λιναριων, λιναρίοις	
καλιγάριος	Cobbler		Leatherwork and Footwear	8	80		Petrikovits, 1981, p.289	Caligarius	καλιγάριος, καλιγαρίου, καλιγαρίῳ, καλιγάριον, καλιγάριοι, καλιγαρίων, καλιγάριοις	
μονητάριος	Moneyer		Metalwork	3	31		Petrikovits, 1981, p.289	Monetarius	μονητάριος, μονηταρίου, μονηταρίῳ, μονητάριον, μονητάριοι, μονηταρίων, μονητάριοις	
μονιτάριος	Moneyer		Metalwork	3	31		Petrikovits, 1981, p.289	Monetarius	μονιτάριος, μονιταρίου, μονιταρίῳ, μονιτάριον, μονιτάριοι, μονιταρίων, μονιτάριοις	
πλουμάριος	Feather worker		Textiles	7	79		Petrikovits, 1981, p.289	Plumarius	πλουμάριος, πλουμαρίου, πλουμαρίῳ, πλουμάριον, πλουμάριοι, πλουμαρίων, πλουμάριοις	
φαβρικέσιος	Imperial workshop worker		Armaments	8	83		Petrikovits, 1981, p.289	Fabricensis	φαβρικέσιος, φαβρικεσίου, φαβρικεσίῳ, φαβρικέσιον, φαβρικέσιοι, φαβρικεσίων, φαβρικέσιοις	
φαυρικίσιος	Imperial workshop worker		Armaments	8	83		Petrikovits, 1981, p.289	Fabricensis	φαυρικίσιος, φαυρικισίου, φαυρικισίῳ, φαυρικίσιον, φαυρικίσιοι, φαυρικισίων, φαυρικίσιοις	
λεπτουργός	Joiner, wood worker		Construction	9	95		Petrikovits, 1981, p.287	faber intestinarius	λεπτουργός, λεπτουργοῦ, λεπτουργῷ, λεπτουργόν, λεπτουργοί, λεπτουργῶν, λεπτουργοῖς	
διφθεράριος	Parchment-maker		Writing and the Book Trade	7	73		Petrikovits, 1981, p.287	membranarius	διφθεράριος, διφθεραρίου, διφθεραρίῳ, διφθεράριον, διφθεράριοι, διφθεραρίων, διφθεράριοις	
ἀκονητής	Polisher, furbisher, grinder		Woodwork	5	55		Petrikovits, 1981, p.287	samiator	ἀκονητής, ἀκονητοῦ, ἀκονητῇ, ἀκονητήν, ἀκονηταί, ἀκονητῶν, ἀκονηταῖς	
ψηφοθέτης	Mosaicer, maker of mosaic		Stonework	1	16		Petrikovits, 1981, p.287	tesselarius	ψηφοθέτης, ψηφοθέτου, ψηφοθέτῃ, ψηφοθέτην, ψηφοθέται, ψηφοθετῶν, ψηφοθέταις	
μουσιάριος	Mosaic worker		Stonework	1	16		Petrikovits, 1981, p.287	musaearius	μουσιάριος, μουσιάριου, μουσιάρίῳ, μουσιάριον, μουσιάριοι, μουσιάρίων, μουσιάρίοις	
βρακάριος	Maker of trousers		Textiles	7	79		Petrikovits, 1981, p.288	bracarius	βρακάριος, βρακαρίου, βρακαρίῳ, βρακάριον, βρακάριοι, βρακαρίων, βρακάριοις	
καβάτωρ	Engraver, maker of hollow spaces		Miscellaneous	8	82		Petrikovits, 1981, p.288	cavator	καβάτωρ, καβάτορος, καβάτορι, καβάτορα, καβάτορες, καβατόρων, καβάτορσι	
καψάριος	Maker of small bags		Leatherwork and Footwear	0	6		Petrikovits, 1981, p.289	capsarius	καψάριος, καψαρίου, καψαρίῳ, καψάριον, καψάριοι, καψαρίων, καψάριοις	
κοροράτωρ	Decorator		Textiles	7	75		Petrikovits, 1981, p.289	colorator	κοροράτωρ, κοροράτορος, κοροράτορι, κοροράτορα, κοροράτορες, κορορατόρων, κοροράτορσι	
λανάριος	Wool worker		Textiles	7	75		Petrikovits, 1981, p.289	lanarius	λανάριος, λαναρίου, λαναρίῳ, λανάριον, λανάριοι, λαναρίων, λανάριοις	
μαρμοράριος	Marble worker, stonemason		Stonework	9	95		Petrikovits, 1981, p.289	marmorarius	μαρμοράριος, μαρμοραρίου, μαρμοραρίῳ, μαρμοράριον, μαρμοράριοι, μαρμοραρίων, μαρμοράριοις	
σειρικάριος	Silk trader		Textiles	7	75		Petrikovits, 1981, p.289	siricarius	σειρικάριος, σειρικαρίου, σειρικαρίῳ, σειρικάριον, σειρικάριοι, σειρικαρίων, σειρικάριοις	
φουλών	Fuller		Textiles	7	75		Petrikovits, 1981, p.289	fullo	φουλών, φουλῶνος, φουλῶνι, φουλῶνα, φουλῶνες, φουλῶνων, φουλῶσι	
πλακουντάριος	Break maker		Food Preparation and Retail	5	53		Petrikovits, 1981, p.292	placentarius	πλακουντάριος, πλακουνταρίου, πλακουνταρίῳ, πλακουντάριον, πλακουντάριοι, πλακουνταρίων, πλακουντάριοις	
σιλιγινάριος	Bread maker		Food Preparation and Retail	5	53		Petrikovits, 1981, p.292	siliginarius	σιλιγινάριος, σιλιγιναρίου, σιλιγιναρίῳ, σιλιγινάριον, σιλιγινάριοι, σιλιγιναρίων, σιλιγινάριοις	
αὐρικαίσωρ	Manufacturer of sheet gold		Jewellery	8	88		Petrikovits, 1981, p.295	auricaesor	αὐρικαίσωρ, αὐρικαίσωρος, αὐρικαίσωρι, αὐρικαίσώρα, αὐρικαίσωρες, αὐρικαισώρων, αὐρικαίσωρσι	
σκαφίδες	Uncertain, cup maker		Miscellaneous	8	83		Petrikovits, 1981, p.295	capidarius	σκαφίδες, σκαφίδου, σκαφίδῃ, σκαφίδα, σκαφίδες, σκαφίδων, σκαφίσι	
κηροματίτης	Masseur, trainer		Miscellaneous	5	57		Petrikovits, 1981, p.295	ceromatita	κηροματίτης, κηροματίτου, κηροματίτῃ, κηροματίτην, κηροματίται, κηροματιτῶν, κηροματίταις	
χωνευτής	Metal-caster		Metalwork	8	83		Petrikovits, 1981, p.295	conflator	χωνευτής, χωνευτοῦ, χωνευτῇ, χωνευτήν, χωνευταί, χωνευτῶν, χωνευταῖς	
κοπιάτης	Grave-digger, sexton		Miscellaneous	5	59		Petrikovits, 1981, p.295	copiata	κοπιάτης, κοπιάτου, κοπιάτῃ, κοπιάτην, κοπιάται, κοπιατῶν, κοπιάταις	
γραμματεύς	Scribe		Writing and the Book Trade	3	30		Petra Hermankova		γραμματεύς, γραμματέως, γραμματεῖ, γραμματέα, γραμματεῖς, γραμματέων, γραμματεῦσι	
ἰατρός	Doctor		Miscellaneous	0	6		Petra Hermankova		ἰατρός, ἰατροῦ, ἰατρῷ, ἰατρόν, ἰατροί, ἰατρῶν, ἰατροῖς	
ἱεροποιός	Sacrificer		Miscellaneous	2	28		Petra Hermankova		ἱεροποιός, ἱεροποιοῦ, ἱεροποιῷ, ἱεροποιόν, ἱεροποιοί, ἱεροποιῶν, ἱεροποιοῖς	
ἱερεύς 	Priest, sacrificer		Miscellaneous	2	28		Petra Hermankova		ἱερεύς, ἱερέως, ἱερεῖ, ἱερέα, ἱερεῖς, ἱερέων, ἱερεῦσι	
λιθοκοπικός	Stone-cutter		Stonework	8	82		Petra Hermankova		λιθοκοπικός, λιθοκοπικοῦ, λιθοκοπικῷ, λιθοκοπικόν, λιθοκοπικοί, λιθοκοπικῶν, λιθοκοπικοῖς	
λιθαγωγός	Stone haulier		Transport	9	98		Petra Hermankova		λιθαγωγός, λιθαβωγοῦ, λιθαγωγῷ, λιθαγωγόν, λιθαγωγοί, λιθαγωγῶν, λιθαγωγοῖς	
χρυσότα	Gilder in gold		Metalwork	8	88		Petrikovits, 1981, p.296	deaurator	χρυσότα, χρυσοταῖ, χρυσοτῆς, χρυσοτάν, χρυσοται, χρυσοτῶν, χρυσοταῖς	
ἐργαστηριάρχης	Metal-worker		Metalwork	8	83		Petrikovits, 1981, p.296	massarius	ἐργαστηριάρχης, ἐργαστηριάρχου, ἐργαστηριάρχῃ, ἐργαστηριάρχην, ἐργαστηριάρχαι, ἐργαστηριάρχων, ἐργαστηριάρχαις	
διφθεροποιός 	Parchment-maker		Leatherwork and Footwear	7	73		Petrikovits, 1981, p.296	membranarius	διφθεροποιός, διφθεροποιοῦ, διφθεροποιῷ, διφθεροποιόν, διφθεροποιοί, διφθεροποιῶν, διφθεροποιοῖς	
kογχυλεύτης	Purple-fish collector		Textiles	7	75		Petrikovits, 1981, p.296	murilegulus	κογχυλεύτης, κογχυλεύτου, κογχυλεύτῃ, κογχυλεύτην, κογχυλεῦται, κογχυλεύτῶν, κογχυλεῦταις	
διφθεράριος 	Parchment-maker		Leatherwork and Footwear	7	73		Petrikovits, 1981, p.296	membranarius	διφθεράριος, διφθεραρίου, διφθεραρίῳ, διφθεράριον, διφθεράριοι, διφθεραρίων, διφθεράριοις	